<?xml version="1.0" encoding="utf-8"?>
<COLLADA xmlns="http://www.collada.org/2005/11/COLLADASchema" version="1.4.1" xmlns:xsi="http://www.w3.org/2001/XMLSchema-instance">
  <asset>
    <contributor>
      <author>Blender User</author>
      <authoring_tool>Blender 2.82.7</authoring_tool>
    </contributor>
    <created>2024-01-25T16:02:31</created>
    <modified>2024-01-25T16:02:31</modified>
    <unit name="meter" meter="1"/>
    <up_axis>Z_UP</up_axis>
  </asset>
  <library_effects>
    <effect id="SWMaterial-2_001-effect">
      <profile_COMMON>
        <technique sid="common">
          <lambert>
            <emission>
              <color sid="emission">0 0 0 1</color>
            </emission>
            <diffuse>
              <color sid="diffuse">0.371451 0.371451 0.371451 1</color>
            </diffuse>
            <index_of_refraction>
              <float sid="ior">1</float>
            </index_of_refraction>
          </lambert>
        </technique>
      </profile_COMMON>
    </effect>
    <effect id="SWMaterial-0_001-effect">
      <profile_COMMON>
        <technique sid="common">
          <lambert>
            <emission>
              <color sid="emission">0 0 0 1</color>
            </emission>
            <diffuse>
              <color sid="diffuse">0.1781961 0.1781961 0.1781961 1</color>
            </diffuse>
            <index_of_refraction>
              <float sid="ior">1</float>
            </index_of_refraction>
          </lambert>
        </technique>
      </profile_COMMON>
    </effect>
    <effect id="SWMaterial-1_001-effect">
      <profile_COMMON>
        <technique sid="common">
          <lambert>
            <emission>
              <color sid="emission">0 0 0 1</color>
            </emission>
            <diffuse>
              <color sid="diffuse">0.3137255 0.4341961 0.512 1</color>
            </diffuse>
            <index_of_refraction>
              <float sid="ior">1</float>
            </index_of_refraction>
          </lambert>
        </technique>
      </profile_COMMON>
    </effect>
  </library_effects>
  <library_images/>
  <library_materials>
    <material id="SWMaterial-2_001-material" name="SWMaterial-2_001">
      <instance_effect url="#SWMaterial-2_001-effect"/>
    </material>
    <material id="SWMaterial-0_001-material" name="SWMaterial-0_001">
      <instance_effect url="#SWMaterial-0_001-effect"/>
    </material>
    <material id="SWMaterial-1_001-material" name="SWMaterial-1_001">
      <instance_effect url="#SWMaterial-1_001-effect"/>
    </material>
  </library_materials>
  <library_geometries>
    <geometry id="shape0_001-mesh" name="shape0.001">
      <mesh>
        <source id="shape0_001-mesh-positions">
          <float_array id="shape0_001-mesh-positions-array" count="2970">0.01982903 0.0758621 0.02030295 0.01329243 0.07599997 0.01836752 0.0146926 0.074 0.01735132 0.008999884 0.07649999 0.007999956 -0.01020956 0.07600086 0.008382141 -0.00951761 0.07649999 0.008068084 0.01073199 0.07649999 0.02899998 0.0104168 0.0763458 0.02941185 0.008999884 0.07649999 0.02999997 0.01099991 0.09149998 0.02799987 0.01099991 0.09149998 0.00999993 0.00999993 0.07649999 0.008267939 0.01093178 0.07649999 0.009482324 0.01041221 0.09200006 0.008584022 0.008999884 0.09149998 0.007999956 -0.008999943 0.0916897 0.008041977 -0.008999943 0.09149998 0.007999956 -0.01019036 0.09200149 0.008373439 -0.01073205 0.07649999 0.008999943 -0.01093184 0.07649999 0.009482324 -0.01099997 0.09149998 0.00999993 -0.01099997 0.09149998 0.02799987 -0.00999999 0.07649999 0.02973192 -0.008999943 0.09149998 0.02999997 -0.01092559 0.09174579 0.01899993 0.008999884 0.09149998 0.02999997 0.00951755 0.07649999 0.02993184 0.00951755 0.07649999 0.008068084 -0.008999943 0.07610666 0.007801651 0.01064312 0.07600247 0.008842408 -0.008999943 0.07649999 0.007999956 0.008999884 0.07599997 0.007499933 -0.01099997 0.07649999 0.00999993 -0.0115 0.07599997 0.01899999 -0.009506165 0.09175908 0.02993547 -0.0104146 0.07600235 0.02941399 -0.01099997 0.07649999 0.02799987 -0.01093184 0.07649999 0.02851754 -0.01114916 0.0761705 0.01899999 -0.008999943 0.07649999 0.02999997 -0.0107041 0.0919913 0.0290448 0.01141971 0.07600009 0.03032726 0.008999884 0.07631027 0.03004199 0.01093178 0.07649999 0.02851754 0.01004421 0.09199476 0.02970445 0.01099991 0.07649999 0.00999993 0.01099991 0.07649999 0.02799987 0.0111491 0.0761705 0.01899999 -0.0096215 0.074 0.02810746 -0.009208202 0.074 0.02858012 0.009566724 0.074 0.02823996 0.009633779 0.092 0.02808678 -0.008699953 0.074 0.009299933 -0.009501934 0.074 0.009684622 -0.009580194 0.09200036 0.009791731 -0.0097 0.092 0.01029998 0.009208142 0.092 0.02858012 0.01049989 0.092 0.00999993 -0.008699953 0.092 0.009299933 -0.008699953 0.092 0.02869993 0.01069271 0.09199261 0.02907019 -0.00933206 0.092 0.02848458 -0.00910741 0.092 0.009378433 -0.00963968 0.092 0.02806347 0.00969994 0.092 0.01029998 0.009633779 0.092 0.009913086 0.009239912 0.074 0.00943309 0.009294271 0.09200036 0.009486317 0.008699893 0.092 0.009299933 -0.01056468 0.07568281 0.03399902 -0.0128206 0.0757603 0.03274917 -0.01969778 0.07578605 0.02075237 -0.01979446 0.0758205 0.01759994 -0.01101976 0.07586801 0.004145503 -0.00999999 0.07550001 0.003999948 0.01276522 0.074 0.005028307 0.01057249 0.07572209 0.004001021 0.01281124 0.0757609 0.005235075 -0.00999999 0.07599997 0.004499912 0.01157379 0.07600009 0.03370237 -0.01589155 0.07599997 0.01154577 -0.01578557 0.07599997 0.01710289 -0.01303064 0.07599997 0.01908344 -0.01603567 0.07599997 0.02079409 -0.01589155 0.07599997 0.02645409 0 0.07599997 0.03049999 0.01469391 0.07599997 0.01720494 0.01589149 0.07599997 0.01154577 0.01662778 0.07599997 0.01806008 0 0.07599997 0.03349989 -0.0097 0.092 0.02769988 0.008699893 0.074 0.02869999 0.008699893 0.092 0.02869993 0.00969994 0.092 0.02769988 0.01643502 0.07599997 0.02010095 0.01408779 0.07599997 0.02074724 0.0132603 0.074 0.03210175 0.00999993 0.07550001 0.03399991 -0.01224976 0.0740019 0.03329622 -0.02006649 0.07400071 0.01915568 -0.01297128 0.0757423 0.005395293 0.0196259 0.07568818 0.01711404 0.01297581 0.07567149 0.03259915 -0.01275908 0.074 0.005018532 -0.009063482 0.074 0.009360253 -0.01939266 0.074 0.01669991 -0.016101 0.074 0.01743429 -0.01939266 0.074 0.02129989 -0.01665079 0.074 0.01986318 -0.00999999 0.074 0.003999948 -0.0097 0.074 0.02769988 -0.0097 0.074 0.01029998 0.008699893 0.074 0.009299933 0.00999993 0.074 0.003999948 -0.01326036 0.074 0.03210175 -0.01466405 0.074 0.0206381 0.009628295 0.074 0.009915411 -0.00999999 0.074 0.03399991 0.02015089 0.074 0.01804387 0.00969994 0.074 0.01029998 0.00969994 0.074 0.02769988 -0.008699953 0.074 0.02869999 0.009063422 0.074 0.02863967 0.00999993 0.074 0.03399991 0.0193926 0.074 0.02129989 0.0161767 0.074 0.02053344 0.01224154 0.074 0.03329181 -4.92443e-4 -0.06909996 0.03595298 -0.001019954 -0.07340896 0.03556627 6.8001e-4 -0.07506036 0.03557235 -0.001045584 -0.07426995 0.03439992 0.001186251 -0.07426995 0.03410631 -0.001628935 -0.0748052 0.03390026 -0.001313388 -0.07509136 0.03161072 -0.00101763 -0.0751 0.03462076 0.002214133 -0.0750876 0.03639787 0.001792669 -0.0750485 0.03358423 6.23805e-4 -0.07344126 0.0358721 -0.001414299 -0.07507467 0.03720748 -0.001529395 -0.06909996 0.03357923 0.001020252 -0.06909996 0.03312987 0.001442253 -0.06914418 0.03507834 7.21527e-4 -0.07347899 0.03284728 -0.03862869 -0.06661391 0.01399999 -0.04385489 -0.0614233 0.01468461 -0.0469225 -0.06105136 0.01399993 -0.04794549 -0.05882239 0.01436311 -0.03506219 -0.0673874 0.0143435 0.06406438 -0.05904281 4.0001e-4 0.06420409 -0.06010401 4.0001e-4 0.0640667 -0.0611605 1.59557e-6 0.06365478 -0.06215399 4.0001e-4 0.06117027 -0.06406402 1.10621e-6 0.06010407 -0.06420403 4.0001e-4 0.05903899 -0.06406521 5.67283e-7 0.05805402 -0.06365478 4.0001e-4 -0.0565533 -0.05805402 4.00009e-4 -0.0561459 -0.05902665 2.05864e-7 -0.0561406 -0.06115716 1.87459e-7 -0.0572049 -0.06300318 4.0001e-4 -0.06116509 -0.06406438 4.0001e-4 -0.0630005 -0.06300926 1.37742e-6 -0.05655694 0.06216216 3.63771e-7 -0.05613756 0.06114989 1.80525e-7 -0.05655336 0.05805402 3.99991e-4 -0.05805402 0.0565533 3.99991e-4 -0.0611484 0.05613684 1.82691e-7 0.06420403 0.06010407 3.9999e-4 0.06406432 0.05904287 3.9999e-4 0.06300318 0.0572049 3.99991e-4 0.0636664 0.05807107 5.11541e-7 0.06214421 0.05654555 2.049e-7 0.06116509 0.05614376 3.99991e-4 0.05904287 0.05614376 3.99991e-4 -0.05508518 0.009352862 0 -0.05698221 0.006067097 0 -0.06246638 0.006792426 9.90377e-4 -0.06189692 0.005420029 0 0.05503839 0.009009301 0.001005709 0.05417037 0.01129406 0 0.05770581 0.01482957 0 0.02412492 0.07229876 0 0.02412492 0.07229876 0.03799992 0.02312129 0.07394909 0.03799992 0.02312129 0.07394909 0 0.07184118 0.05065828 0.01199996 0.07228642 0.05360966 0.01199996 0.07228642 0.05360966 0 0.0722258 0.05659395 0.01199996 0.07166123 0.05952495 0 0.06909883 0.06489288 0.01199996 0.02696889 0.07001006 0.01553362 0.03313952 0.06728118 0.01599997 0.0373665 0.06502848 0.03799992 0.03853464 0.06434339 0.01599997 0.04961204 0.05624586 0.03799992 0.05303293 0.05303299 0.03799992 0.05675524 0.04902857 0.03799992 0.05303519 0.05302959 0.01519054 0.06135106 0.04313975 0.01599997 0.06578725 0.03601378 0.03799992 0.06801229 0.0316118 0.03799992 0.06994175 0.02707636 0.03799992 0.07301467 0.01714169 0.03799992 0.0721749 0.02039086 0 0.07034909 0.02599996 0.01599997 0.07447838 0.008829832 0 0.07468336 0.006880879 0.03799992 0.07497435 0.001956939 0.03799992 0.07452458 -0.008428812 0.03799992 0.07264268 -0.01865482 0.03799992 0.0721749 -0.0203908 0 0.06542348 -0.03667092 0.01599997 0.06447458 -0.0383144 0.03799992 0.06234908 -0.04168432 0.01599997 0.06181818 -0.04246759 0.03799992 0.05855804 -0.04686051 0.03799992 0.05535137 -0.05060821 0.03799992 0.04392105 -0.06079399 0.03799992 0.03983396 -0.06354719 0.03799992 0.03509289 -0.06628304 0.03799992 0.03066015 -0.06844657 0.03799992 0.02039086 -0.0721749 0 0.0161215 -0.07324677 0.03799992 0.005838513 -0.07477205 0.03799992 0.002746284 -0.07494765 0.03608524 9.11534e-4 -0.07499438 0.03799992 -2.3745e-4 -0.07499837 0.03752136 -0.004557073 -0.07486116 0.03799992 -0.002845585 -0.07494407 0.03582227 -0.002949297 -0.07494199 0 -0.002665817 -0.07495248 0.03307867 -0.01000958 -0.07432878 0.03799992 -0.0203908 -0.0721749 0 -0.02540874 -0.07056456 0.03799992 -0.0259999 -0.07034909 0 -0.02998924 -0.06874328 0.03799992 -0.0376926 -0.06484025 0.01599997 -0.03196519 -0.06784707 0.01599997 -0.03492128 -0.06637358 0.03799992 -0.04313969 -0.06135106 0.01599997 -0.05303293 -0.05303299 0.03799992 -0.04826581 -0.05740559 0.01599997 0.05719816 -0.0629993 0.0139994 0.05904287 -0.06406432 0.01359999 0.06116515 -0.06406432 0.01359999 0.06215405 -0.06365478 4.0001e-4 0.06299871 -0.06300961 0.01399517 0.06300747 -0.06300038 1.21225e-6 0.06365478 -0.06215399 0.01359999 0.06406438 -0.06116509 0.01359999 0.06406438 -0.05904281 0.01359999 0.06366479 -0.0580672 4.84976e-7 -0.06300318 -0.06300318 0.01359999 -0.06215399 -0.06365478 4.0001e-4 -0.06010901 -0.06420516 1.59606e-6 -0.06116509 -0.06406438 0.01359999 -0.05904281 -0.06406438 4.0001e-4 -0.05805861 -0.06365859 4.67356e-7 -0.05805402 -0.06365478 0.01359999 -0.05655789 -0.06216579 3.66876e-7 -0.05600398 -0.06010407 4.0001e-4 -0.05613929 -0.06115758 0.01399976 -0.05600398 -0.06010407 0.01359999 -0.0572049 -0.0572049 4.00009e-4 -0.05654793 -0.05805999 0.01399821 -0.05614376 -0.05904287 0.01359999 -0.06215405 0.0565533 3.99991e-4 -0.06301116 0.0572102 0.01399916 -0.06010407 0.05600398 3.99991e-4 -0.05904287 0.05614376 3.99991e-4 -0.05904287 0.05614376 0.01359999 -0.0572049 0.0572049 3.99991e-4 -0.05600178 0.06010842 0.01399976 -0.05614429 0.05903708 1.93805e-7 -0.05614376 0.05904287 0.01359999 -0.05600404 0.06010401 3.9999e-4 -0.05614376 0.06116509 0.01359999 0.0572049 0.0572049 0.01359999 0.05805402 0.05655336 3.99991e-4 0.06009161 0.05600219 2.70278e-7 0.06010401 0.0560041 0.01359999 0.06215399 0.05655336 0.01359999 0.06365478 0.05805402 0.01359999 0.06406307 0.06117868 0.01399618 0.06406432 0.06116515 3.9999e-4 0.06366473 0.062141 1.05441e-6 0.06365478 0.06215405 0.01359999 0.06300318 0.06300318 0.01359999 -0.05625879 0.01149821 0.001001775 -0.05600523 0.00946784 0.001004219 -0.05672162 0.007535219 0.005000174 -0.05679094 0.007549762 9.98052e-4 -0.0584625 0.006273567 0.001002848 -0.06049889 0.00600022 0.00100553 0.05528062 0.01155495 0.001002252 0.05653226 0.01318806 0.001003623 -0.02026528 0.07599937 0.02080935 -0.001380622 -0.07297855 0.034801 -0.001356363 -0.0749889 0.03163951 -2.22426e-4 -0.07499969 0.03135818 -3.72727e-4 -0.07299685 0.03303581 0.001440286 -0.0749889 0.03161525 0.002903521 -0.07494378 0.03366816 -0.05096673 -0.06985735 0.01399993 -0.05659389 -0.07222586 0.01199996 -0.05952489 -0.07166129 0.01199996 -0.06489282 -0.06909888 0.01199996 0.05805402 -0.06365478 0.01359999 0.06009465 -0.0642054 0.01399779 0.06215405 -0.06365478 0.01359999 0.06420636 -0.06009972 0.01399731 0.06365478 -0.05805402 0.01359999 -0.06365478 -0.05805402 0.01359999 -0.06406259 -0.05902868 0.01399827 -0.0640676 -0.06115895 0.01399761 -0.06365478 -0.06215405 0.01359999 -0.06217473 -0.06364679 0.01399606 -0.06010401 -0.06420409 0.01359999 -0.05903172 -0.06406289 0.01399862 -0.0572049 -0.06300318 0.01359999 -0.06215405 0.0565533 0.01359999 -0.06116515 0.05614376 0.01359999 -0.06012386 0.0560013 0.01399976 -0.05805402 0.0565533 0.01359999 -0.05721545 0.05719059 0.01399797 -0.05655336 0.05805402 0.01359999 -0.05655336 0.06215399 0.01359999 0.05805402 0.05655336 0.01359999 0.05904084 0.05614167 0.01399701 0.06116509 0.05614376 0.01359999 0.06299871 0.0571984 0.01399981 0.06406629 0.05904549 0.01399832 0.06420403 0.06010407 0.01359999 0.01451033 0.07265138 0.01769679 -0.01608145 0.07241231 0.01835304 0.01590311 0.07235586 0.01996356 0.01099991 0.07300001 0.01109993 0.0106759 0.07300001 0.02847218 0.01099961 0.07300001 0.02999687 -0.01099979 0.07300001 0.00800085 -0.01549285 0.07248908 0.02020859 -0.01361978 0.07278329 0.01901292 -0.00947225 0.07300001 0.02967596 -0.01036298 0.07399886 0.02911615 -0.01099848 0.07300001 0.02999937 -0.007899999 0.074 0.02999997 0.00789994 0.074 0.02999997 0.009472131 0.07300001 0.008323907 0.00789994 0.074 0.007999956 -0.01067596 0.07300001 0.009527623 -0.04373228 0.06737029 0.01399981 -0.06706339 0.0420342 0.01399993 -0.06623101 0.06534159 0.01400017 -0.06788408 0.04537904 0.01399987 -0.0666036 0.0385437 0.01400089 -0.04383111 -0.06738936 0.01399993 -0.05555552 -0.0704354 0.01400023 -0.0703057 -0.05262726 0.01399999 -0.06142771 -0.0688697 0.01399993 0.06019419 -0.04783833 0.01399993 0.05802577 -0.07002598 0.01399999 0.05040389 -0.05821049 0.01399993 0.05207496 -0.07023632 0.01399993 0.06249266 -0.06831794 0.01400011 0.04373228 -0.06737029 0.01399981 0.04489225 0.06250959 0.01399987 0.06261312 0.0683428 0.01400017 -0.01404488 0.074 0.00697571 -0.01011615 0.07399886 0.008636951 -0.01509255 0.07399821 0.01764827 -0.01099997 0.074 0.01109993 -0.01994317 0.074 0.02134096 -0.01314508 0.074 0.01823037 -0.007899999 0.074 0.007999956 -0.01099997 0.074 0.02689999 0.01036292 0.07399886 0.008883714 0.01034992 0.074 0.004899919 -0.01356559 0.074 0.03180187 -0.01109498 0.074 0.03309935 0.01099991 0.074 0.01109993 0.01309269 0.074 0.01969468 0.0166043 0.07399988 0.01808178 0.0135864 0.074 0.006233215 0.01099991 0.074 0.02689999 0.01492428 0.074 0.02039361 0.0101161 0.07399886 0.02936291 0.01324379 0.074 0.03231275 -0.01325845 0.07599997 0.03230613 0.02044963 0.074 0.02049875 0.01240789 0.07599997 0.03271281 -0.01034998 0.07599997 0.03309988 0.01034992 0.07599997 0.03309988 0.01034992 0.074 0.03309988 0.05497282 0.01012688 0.004999876 0.05550098 0.01199954 0.004999876 0.0576657 0.01393479 0.004999995 0.06194531 0.01395136 0.004999995 0.0647825 0.008473336 0.004999876 -0.0564599 0.01194089 0.004999995 -0.05597251 0.009982883 0.004999876 -0.05888491 0.006128311 0.004999876 -0.06135195 0.006146967 0.004999995 -0.06402736 0.01001691 0.004999876 0.06116509 0.06406438 0.01359999 0.05805402 0.06365478 0.01359999 0.05903863 0.0640645 0.01399838 0.05614376 0.05904287 0.01359999 -0.05904287 0.06406432 0.01359999 -0.06009465 0.0642054 0.01399779 -0.06116515 0.06406432 0.01359999 -0.06215405 0.06365478 0.01359999 -0.06299871 0.06300961 0.01399517 -0.06406438 0.06116509 0.01359999 -0.06406438 0.05904281 0.01359999 -0.06365478 0.05805402 0.01359999 -0.0565533 -0.06215405 0.01359999 -0.0572049 -0.0572049 0.01359999 -0.05903989 -0.05614233 0.01399767 -0.06010401 -0.05600404 0.01359999 -0.06116509 -0.05614376 0.01359999 -0.06300318 -0.0572049 0.01359999 0.06116515 -0.05614376 0.01359999 0.05805402 -0.0565533 0.01359999 0.05655336 -0.05805402 0.01359999 0.05614376 -0.05904287 0.01359999 0.05600178 -0.06010842 0.01399976 -0.04479634 0.06979733 0.01199996 -0.04166537 0.06902921 0.01199996 -0.03571647 0.06851899 0.01245337 -0.03306508 0.06869006 0.01300126 -0.0301553 0.06915098 0.01409173 -0.03371745 0.06755238 0.01482844 -0.06985735 0.05096673 0.01399987 -0.07227855 0.0559985 0.01199996 -0.07037699 0.0558288 0.01400011 -0.07101219 0.06140744 0.01199996 -0.06889319 0.06137794 0.01400011 -0.06812119 0.0661509 0.01199996 -0.06249266 0.06831794 0.01400011 -0.06389409 0.06975519 0.01199996 -0.06140744 0.07101213 0.01199996 -0.05875337 0.07186049 0.01199996 -0.05802577 0.07002598 0.01399999 -0.0532124 0.07225614 0.01199996 -0.05207496 0.07023632 0.01399987 -0.0686075 0.03846919 0.01199996 -0.06745696 0.03507602 0.01423192 -0.06861215 0.03390401 0.01274049 -0.0695275 0.02857995 0.01478028 -0.04363036 0.0613752 0.01499062 -0.06815761 0.0312975 0.01599997 -0.04824626 0.05994695 0.01399987 -0.04612898 0.06065219 0.01419717 -0.06419205 0.04083263 0.01422578 -0.06689107 0.03730702 0.01404213 -0.03855967 0.06660956 0.01399892 -0.03576499 0.06725406 0.0141887 -0.03782808 0.0647614 0.01599997 -0.06282401 0.0414533 0.01496094 -0.03277087 0.0674616 0.01599997 -0.06691908 0.0345658 0.0149002 -0.06020057 0.04647952 0.01422715 -0.05925637 0.04597461 0.01599997 -0.05597567 0.05280184 0.01399987 -0.05807107 0.0479865 0.01493179 -0.05156201 0.05446428 0.01599997 -0.05219668 0.0542252 0.01498019 -0.0550546 0.05268299 0.01414912 -0.04725116 0.05824351 0.01599997 -0.06663399 -0.03872728 0.01399976 -0.06941646 -0.02900636 0.01458829 -0.06788402 -0.04537916 0.01399993 -0.06979733 -0.04479634 0.01199996 -0.06706339 -0.04203438 0.01399993 -0.06717509 -0.06717509 0.01199996 -0.06520402 -0.06632578 0.01400023 -0.06795459 -0.06308996 0.01400023 -0.07060873 -0.06231808 0.01199996 -0.07166123 -0.05952495 0.01199996 -0.06991034 -0.05852836 0.01399999 -0.07228642 -0.05360966 0.01199996 -0.070903 -0.04782468 0.01199996 -0.07184118 -0.05065828 0.01199996 -0.03846919 -0.0686075 0.01199996 -0.0363419 -0.06852155 0.0121811 -0.03390401 -0.06861215 0.01274049 -0.03724694 -0.06688201 0.01405614 -0.03219759 -0.06814837 0.01485991 -0.02857995 -0.0695275 0.01478028 -0.0259999 -0.07034909 0.01599997 0.03860247 -0.06664478 0.01398491 0.03523457 -0.06852537 0.01242101 0.02900636 -0.06941646 0.01458835 0.03846925 -0.0686075 0.01199996 0.06985735 -0.05096673 0.01399993 0.07227855 -0.0559985 0.01199996 0.0722562 -0.05321228 0.01199996 0.07037699 -0.0558288 0.01400011 0.06889319 -0.06137794 0.01400011 0.07101219 -0.06140738 0.01199996 0.06975525 -0.06389409 0.01199996 0.0661509 -0.06812113 0.01199996 0.06812119 -0.0661509 0.01199996 0.06623101 -0.06534159 0.01400023 0.06140744 -0.07101213 0.01199996 0.05875337 -0.07186049 0.01199996 0.0532124 -0.07225614 0.01199996 0.06706339 -0.0420342 0.01399993 0.06979739 -0.04479628 0.01199996 0.06788408 -0.04537898 0.01399993 0.06852155 -0.0363419 0.0121811 0.06861215 -0.03390401 0.01274049 0.06894338 -0.03124761 0.01365137 0.06745326 -0.03508293 0.01423496 0.06952917 -0.02857202 0.01506263 0.07034909 -0.0259999 0.01599997 -0.06734317 -0.03527438 0.01429766 -0.06095993 -0.04461854 0.01453316 -0.06784707 -0.03196525 0.01599997 -0.06103909 -0.04693847 0.01399993 -0.05740559 -0.04826587 0.01599997 -0.06135106 -0.04313975 0.01599997 -0.06484025 -0.03769266 0.01599997 -0.05303293 -0.05303299 0.01599997 -0.06823986 -0.03195458 0.0149365 -0.05371582 -0.05311286 0.01459223 -0.05524253 -0.05347955 0.01399993 -0.05889463 -0.04766565 0.01438313 0.03667098 -0.06542348 0.01599997 0.05567938 -0.0507797 0.01490801 0.06809568 -0.03143203 0.01599997 0.06257325 -0.04172259 0.01503294 0.06661325 -0.0386219 0.01399993 0.05889129 -0.04644143 0.01599997 0.05955308 -0.04747945 0.01415383 0.04644149 -0.05889123 0.01599997 0.04589951 -0.05971169 0.01495087 0.04168432 -0.06234908 0.01599997 0.04352599 -0.06237101 0.01423412 0.03571379 -0.06728738 0.01419228 0.03589588 -0.06625765 0.01492542 0.03143209 -0.06809568 0.01599997 0.05507147 -0.05091291 0.01599997 0.05119431 -0.05520248 0.014952 0.05091297 -0.05507141 0.01599997 0.06630438 -0.03594481 0.01482194 0.05138826 -0.0559886 0.01425719 0.06548398 0.03707885 0.01495224 0.06484025 0.03769266 0.01599997 0.03558391 0.0664286 0.01489412 0.06784707 0.03196525 0.01599997 0.0386219 0.06661325 0.01399987 0.04367125 0.06097388 0.01599997 0.03676652 0.06691378 0.01410794 0.04381519 0.06123149 0.01495379 0.04851484 0.0571953 0.01599997 0.04457384 0.0617876 0.01418799 0.04923886 0.05692929 0.01493048 0.05078428 0.05787879 0.01399987 0.0538724 0.05387246 0.01417255 0.05740559 0.04826587 0.01599997 0.05721342 0.04896086 0.01489925 0.06190252 0.0429787 0.01488929 0.061001 0.04557889 0.01419085 0.06168323 0.04608869 0.01399987 0.06730449 0.03548395 0.01424461 0.001364827 -0.072995 0.0348789 0.06852537 0.03523457 0.01242095 0.06661325 0.03862196 0.01399993 0.06767505 0.03759735 0.01303243 0.06845486 0.03143095 0.01486635 0.06941646 0.02900636 0.01458829 0.06788402 0.04537916 0.01399987 0.06902921 0.04166537 0.01199996 0.06706339 0.04203438 0.01399993 0.0686075 0.03846925 0.01199996 0.05160802 0.07007318 0.01399987 0.05065822 0.07184118 0.01199996 0.05686879 0.07023018 0.01399999 0.05659389 0.07222586 0.01199996 0.06489282 0.06909888 0.01199996 0.06717509 0.06717509 0.01199996 0.06721359 0.06415247 0.01399999 0.07060873 0.06231808 0.01199996 0.06982225 0.05898618 0.01400041 0.07166123 0.05952501 0.01199996 0.070275 0.05246776 0.01399987 0.04166531 0.06902921 0.01199996 0.0437321 0.06737035 0.01399981 0.04782462 0.070903 0.01199996 0.03399753 0.0686047 0.01267307 0.03139454 0.06891846 0.01359516 0.0201956 0.07599967 0.01707524 -0.02055948 0.074 0.01768434 -0.01329016 0.07599997 0.005747199 -0.01034998 0.07599997 0.004899919 -0.0112102 0.074 0.004900515 0.01034992 0.07599997 0.004899919 0.02039062 0.074 0.01739829 0.01328194 0.07599997 0.005735099 -0.02022546 0.07599955 0.01712352 0.01404482 0.07599997 0.03102421 0.01993542 0.07599997 0.03799992 -0.02421116 0.07219099 0.03799992 -0.01993548 0.07599997 0.03799992 -0.02312135 0.07394909 0.03799992 0.02476692 0.07157498 0.03799992 -0.0257107 0.07076621 0.03799992 -0.0567516 -0.04903227 0.03799992 -0.06800639 -0.03162306 0.03799992 -0.073134 -0.01662367 0.03799992 -0.07415217 -0.01124054 0.03799992 -0.07360899 0.01437711 0.03799992 -0.07439428 0.009507834 0.03799992 -0.07236605 0.01969999 0.03799992 -0.0689429 0.02952682 0.03799992 0.02258312 0.07478898 0.03799992 -0.06685531 0.0339905 0.03799992 0.02092272 0.07585775 0.03799992 -0.05821549 0.04728573 0.03799992 -0.04697597 0.0584653 0.03799992 -0.0336408 0.06703138 0.03799992 0.06017613 0.0447638 0.03799992 0.06298708 0.0407139 0.03799992 0.07172989 0.02190399 0.03799992 0.02357369 0.07309389 0.03799992 0.07398265 0.0123102 0.03799992 0.07494109 -0.002968966 0.03799992 0.07380956 -0.013309 0.03799992 0.0710873 -0.02390712 0.03799992 0.0670998 -0.0335049 0.03799992 0.06936275 -0.0285272 0.03799992 0.05190765 -0.05413478 0.03799992 0.04782205 -0.05777531 0.03799992 0.02559989 0.0708487 0.03799992 0.02610027 -0.0703119 0.03799992 0.02090108 -0.07202845 0.03799992 0.01127928 -0.07414674 0.03799992 -0.02018862 -0.07223135 0.03799992 -0.01487219 -0.07351058 0.03799992 -0.03920871 -0.0639348 0.03799992 -0.04767245 -0.05789899 0.03799992 -0.04332298 -0.06122177 0.03799992 -0.0504114 -0.05553066 0.03799992 0.0325306 0.06757742 0.03799992 0.0459969 0.05923867 0.03799992 0.04155862 0.062433 0.03799992 0.02752214 0.06976771 0.03799992 -0.02258318 0.07478898 0.03799992 0.05817061 0.006037712 0.004999995 0.05835741 0.006016969 9.96801e-4 0.05563753 0.007671773 0.004999995 0.05649209 0.006836533 9.95708e-4 0.0616424 0.01398307 9.96714e-4 0.0638597 0.01283586 0.004999876 0.06491768 0.0110237 0.005000174 0.06472998 0.008471488 0.001002371 0.06312549 0.006567776 0.004999995 0.06349086 0.006831347 0.001001656 0.06129336 0.006001114 0.004999995 -0.0635401 0.008058905 0.004999995 -0.06327825 0.01246464 0.005000174 -0.06064075 0.0140255 0.004999876 -0.0615375 0.01372623 0.001002848 -0.05822098 0.01362448 0.004999995 0.06300318 0.06300318 3.9999e-4 0.06213361 0.06367009 0.01399648 0.06010401 0.06420409 0.01359999 0.05904281 0.06406438 3.9999e-4 0.0565533 0.06215405 3.9999e-4 0.05718809 0.0629903 0.01399976 0.0565533 0.06215405 0.01359999 0.0561434 0.06117147 1.68323e-7 0.05600291 0.06010288 0.01399928 0.05614376 0.06116515 0.01359999 0.05614393 0.0590378 1.90022e-7 0.05655109 0.05805552 0.0139985 0.0565533 0.05805402 3.99991e-4 -0.05720275 0.06300282 0.01399934 -0.05805402 0.06365478 0.01359999 -0.0572049 0.06300318 3.9999e-4 -0.0590623 0.06407111 6.90797e-7 -0.06365478 0.06215399 3.9999e-4 -0.06365478 0.06215399 0.01359999 -0.06406438 0.05904281 3.9999e-4 -0.0642057 0.06010502 0.01399731 -0.06365478 0.05805402 3.99991e-4 -0.06300419 0.05720293 3.51137e-7 -0.05805402 -0.05655336 0.01359999 -0.06214809 -0.05654793 0.01399981 -0.06407696 -0.05907475 7.06284e-7 -0.06365478 -0.05805402 4.00009e-4 -0.06365478 -0.06215405 4.0001e-4 -0.06406432 -0.06116515 4.0001e-4 -0.06420403 -0.06010407 0.01359999 0.06300526 -0.0572052 0.01399916 0.06215405 -0.0565533 0.01359999 0.06011343 -0.05600261 0.01399976 0.05904287 -0.05614376 0.01359999 0.05805402 -0.0565533 4.00009e-4 0.0590378 -0.05614393 1.94388e-7 0.05655336 -0.05805402 4.00009e-4 0.0572049 -0.0572049 4.00009e-4 0.05720937 -0.05719828 0.01399797 0.05614376 -0.06116509 4.0001e-4 0.05600196 -0.0600878 3.06723e-7 0.05614376 -0.06116509 0.01359999 0.05655336 -0.06215399 0.01359999 -0.04782468 0.070903 0 -0.03747868 0.06854838 0 -0.03846925 0.0686075 0.01199996 -0.02696925 0.07001 0 -0.03040498 0.06910026 0 -0.02696895 0.07001006 0.01553362 -0.05029809 0.07176089 0.01201421 -0.0532124 0.07225614 0 -0.05599856 0.07227849 0.01199996 -0.05875337 0.07186049 0 -0.05599856 0.07227849 0 -0.0661509 0.06812113 0.01199996 -0.06975525 0.06389409 0.01199996 -0.06812119 0.0661509 0 -0.07186049 0.05875331 0.01199996 -0.07186049 0.05875331 0 -0.07227855 0.0559985 0 -0.0722562 0.05321234 0.01199996 -0.07176107 0.05029892 0.01200968 -0.07034909 0.0259999 0 -0.06928116 0.02956843 0 -0.06894338 0.03124761 0.01365137 -0.06853085 0.03696542 0 -0.06867188 0.03324323 0 -0.06852155 0.0363419 0.01218104 -0.06902921 0.04166531 0.01199996 -0.06979739 0.04479634 0.01199996 -0.06965529 -0.04431486 0 -0.06902921 -0.04166537 0.01199996 -0.06886047 -0.04067575 0 -0.0686075 -0.03846925 0.01199996 -0.06852537 -0.03523457 0.01242095 -0.06867188 -0.03324329 0 -0.06885147 -0.03181874 0.01343548 -0.070903 -0.04782468 0 -0.0722258 -0.05659395 0.01199996 -0.07101213 -0.06140744 0 -0.06909883 -0.06489288 0.01199996 -0.06975519 -0.06389409 0 -0.0661509 -0.06812119 0 -0.06231802 -0.07060879 0.01199996 -0.0536096 -0.07228648 0.01199996 -0.05065822 -0.07184118 0.01199996 -0.02956843 -0.06928116 0 -0.03324323 -0.06867188 0 -0.03124761 -0.06894338 0.01365137 -0.03696542 -0.06853085 0 -0.04782462 -0.070903 0 -0.04166531 -0.06902921 0.01199996 -0.04479628 -0.06979739 0.01199996 -0.04782462 -0.070903 0.01199996 0.04479634 -0.06979733 0.01199996 0.04166537 -0.06902921 0.01199996 0.03181874 -0.06885147 0.01343548 0.02599996 -0.07034909 0.01599997 0.05029809 -0.07176089 0.01201421 0.04782468 -0.070903 0 0.05046474 -0.07179373 0 0.05599856 -0.07227849 0 0.05875337 -0.07186049 0 0.05599856 -0.07227849 0.01199996 0.06140744 -0.07101213 0 0.06389409 -0.06975519 0.01199996 0.06975525 -0.06389409 0 0.07101219 -0.06140738 0 0.07186049 -0.05875331 0.01199996 0.07227855 -0.0559985 0 0.07186049 -0.05875331 0 0.0722562 -0.05321234 0 0.07179379 -0.05046468 0 0.07176107 -0.05029892 0.01200973 0.07034909 -0.0259999 0 0.06853085 -0.03696542 0 0.06867188 -0.03324323 0 0.0686075 -0.03846919 0.01199996 0.06902921 -0.04166531 0.01199996 -0.0611974 0.04335623 0.03799992 -0.06016963 -0.04477167 0.03799992 -0.05461555 0.05140113 0.03799992 -0.05557155 0.05036658 0.01599997 -0.06298387 -0.04071855 0.03799992 -0.0507189 0.05524921 0.03799992 -0.04303455 0.06142491 0.03799992 -0.0384463 0.0643956 0.03799992 -0.04266422 0.0616827 0.01599997 -0.06552076 -0.03649669 0.03799992 -0.07034909 -0.02599996 0.01599997 -0.07013499 -0.02657079 0.03799992 -0.07172995 -0.02190434 0.03799992 -0.03061205 0.06846797 0.03799992 -0.07447838 -0.008829832 0 -0.07473129 -0.006340086 0.03799992 -0.07494199 0.002949297 0 -0.07498645 -0.00142008 0.03799992 -0.07488995 0.004048287 0.03799992 -0.07447838 0.008829772 0 -0.07073497 0.02492904 0.03799992 -0.07034909 0.0259999 0.01599997 -0.06556791 0.03641223 0.01599997 -0.062595 0.04131412 0.01599997 -0.06420069 0.03877061 0.03799992 0.070903 0.04782468 0.01199996 0.06979733 0.0447964 0.01199996 0.06886047 0.04067575 0 0.06853085 0.03696548 0 0.06885147 0.0318188 0.01343548 0.07034909 0.02599996 0 0.06231802 0.07060879 0.01199996 0.06231802 0.07060879 0 0.05952489 0.07166129 0.01199996 0.0536096 0.07228648 0 0.04782462 0.070903 0 0.0536096 0.07228648 0.01199996 0.05065822 0.07184118 0 0.02696919 0.07001 0 0.02913993 0.06938207 0.01495528 0.03643459 0.06852209 0.0121665 0.03747862 0.06854838 0 0.03846919 0.0686075 0.01199996 0.04479628 0.06979739 0.01199996 0.026524 0.0702424 0.03799992 0.02016049 0.07599991 0.02098214 0.01993542 0.07599997 0 0.0218299 0.07544291 0 0.02092272 0.07585775 0 0.02056503 0.07594287 0.01918309 0.0218299 0.07544291 0.03799992 -0.02092278 0.07585775 0 -0.02092278 0.07585775 0.03799992 -0.02059996 0.07593625 0.01899999 -0.02182996 0.07544291 0 -0.02182996 0.07544291 0.03799992 -0.02312135 0.07394909 0 -0.02258318 0.07478898 0 -0.0275222 0.06976771 0.03799992 -0.02408605 0.07234859 0 0.05832302 0.01397109 9.81588e-4 0.06388777 0.01288229 9.80939e-4 0.062294 0.01482957 0 0.06493276 0.01301765 0 0.06499928 0.01055347 9.96026e-4 0.06315588 0.005618751 0 0.061697 0.006027221 9.8885e-4 -0.06374108 0.008501648 0.001001775 -0.0639947 0.01053202 0.001004219 -0.06320899 0.01244992 9.98054e-4 -0.06393277 0.01301759 0 -0.05950099 0.01399964 0.00100553 -0.05749994 0.01433002 0 -0.05753368 0.01320743 9.90379e-4 0.0572049 0.0572049 3.99991e-4 0.057388 0.0565645 0 0.05600398 0.06010407 3.9999e-4 0.05805402 0.06365478 3.9999e-4 0.05721229 0.06301325 4.09974e-7 0.06116509 0.06406438 3.9999e-4 0.0601046 0.06420606 7.96721e-7 0.06216561 0.06365019 1.74868e-6 -0.06420779 0.06014013 1.14743e-6 -0.06406438 0.06116509 3.9999e-4 -0.06216216 0.0636512 1.24538e-6 -0.06300318 0.06300318 3.9999e-4 -0.06116515 0.06406432 3.9999e-4 -0.06010407 0.06420403 3.9999e-4 -0.05805402 0.06365478 3.9999e-4 -0.06420403 -0.06010407 4.0001e-4 -0.06300038 -0.05720055 3.67158e-7 -0.0611605 -0.05614137 1.76016e-7 -0.06215399 -0.05655336 4.00009e-4 -0.05904287 -0.05614376 4.00009e-4 -0.06010401 -0.05600404 4.00009e-4 -0.05805402 -0.05655336 4.00009e-4 0.0572049 -0.06300318 4.0001e-4 0.05655485 -0.06216132 2.90891e-7 0.05614376 -0.05904287 4.0001e-4 0.06010407 -0.05600398 4.00009e-4 0.06119918 -0.0561487 2.32602e-7 0.06215405 -0.0565533 4.00009e-4 0.06300318 -0.0572049 4.00009e-4 0.03040492 0.06910026 0 0.07355409 -0.01465559 0 0.07494199 0.002949357 0 0.07494199 -0.002949297 0 -0.07034909 -0.02599996 0 0.04447931 0.06970286 0 -0.06928116 -0.02956849 0 -0.04101389 0.06891417 0 -0.06389409 0.06975519 0 0.05598229 0.006067156 0 -0.04447937 0.0697028 0 0.06928116 -0.02956843 0 -0.06140744 0.07101213 0 0.05952489 0.07166129 0 -0.06438118 0.007843971 0 -0.05046474 0.07179373 0 0.05659389 0.07222586 0 0.06557977 0.008102893 0 0.02476692 0.07157498 0 -0.06140738 -0.07101219 0 -0.05875331 -0.07186049 0 0.0661509 -0.06812113 0 0.06389409 -0.06975519 0 0.07355409 0.01465564 0 -0.06389409 -0.06975525 0 0.06591475 0.01064699 0 -0.07355409 0.01465559 0 -0.0559985 -0.07227855 0 -0.06491476 0.01064693 0 0.0532124 -0.07225614 0 0.02357369 0.07309389 0 0.02258312 0.07478898 0 -0.01993548 0.07599997 0 0.05506718 0.01301765 0 -0.02539187 0.0710119 0 0.02544111 0.07097226 0 0.02599996 -0.07034909 0 0.02956849 -0.06928116 0 -0.01465559 -0.07355409 0 -0.05517029 0.011294 0 -0.008829772 -0.07447838 0 0.002949357 -0.07494199 0 0.01465564 -0.07355409 0 0.008829832 -0.07447838 0 0.05466979 0.007499992 0 -0.05321234 -0.0722562 0 0.05408519 0.009352922 0 -0.06812113 -0.0661509 0 0.0261783 0.07044839 0 0.06812119 -0.0661509 0 -0.06189692 0.01457983 0 -0.0721749 0.0203908 0 -0.05046468 -0.07179379 0 0.06928116 0.02956849 0 -0.05935299 0.01491469 0 0.06867188 0.03324329 0 -0.0443148 -0.06965535 0 0.04431486 -0.06965529 0 -0.07186049 -0.05875337 0 -0.04067569 -0.06886047 0 0.03696548 -0.06853085 0 0.03324329 -0.06867188 0 -0.06965535 0.0443148 0 0.04067575 -0.06886047 0 0.06965529 0.04431486 0 -0.06886047 0.04067569 0 -0.070903 0.04782462 0 0.07184118 0.05065828 0 0.070903 0.04782468 0 -0.05765938 0.05645203 0 -0.07179379 0.05046468 0 -0.07227849 -0.05599856 0 -0.07179373 -0.05046474 0 -0.0722562 0.05321234 0 -0.07225614 -0.0532124 0 0.070903 -0.04782462 0 0.06965535 -0.0443148 0 0.0722258 0.05659395 0 0.06886047 -0.04067569 0 0.0565645 -0.057388 0 -0.07101219 0.06140738 0 -0.06853085 -0.03696548 0 -0.05839669 -0.05598217 0 0.07060873 0.06231808 0 0.06909883 0.06489288 0 -0.06975525 0.06389409 0 0.06717509 0.06717509 0 -0.0661509 0.06812113 0 0.03392511 0.06861066 0 0.05770581 0.005170345 0 -0.03392517 0.06861066 0 -0.0560671 0.01301759 0 0.07447838 -0.008829772 0 0.04101383 0.06891417 0 -0.07494199 -0.002949357 0 -0.07355409 -0.01465564 0 -0.0721749 -0.02039086 0 -0.05935299 0.00508511 0 0.06489282 0.06909888 0 0.02848851 0.04802429 0.003923535 0.0260629 0.04820096 0.004745662 0.02712213 0.04560405 0.004492104</float_array>
          <technique_common>
            <accessor source="#shape0_001-mesh-positions-array" count="990" stride="3">
              <param name="X" type="float"/>
              <param name="Y" type="float"/>
              <param name="Z" type="float"/>
            </accessor>
          </technique_common>
        </source>
        <source id="shape0_001-mesh-normals">
          <float_array id="shape0_001-mesh-normals-array" count="5301">0.02442741 0.9996903 0.004754602 0.9450886 -0.320479 0.06403636 0.9686906 -0.1164482 0.219268 -0.2549499 0.1970732 0.9466587 -0.557078 -0.2986328 0.7749082 0.6374802 0.05584865 0.76844 0.7928273 0.2800118 0.5413117 -0.4035305 0.06707924 0.9125041 -0.3568659 0.01429563 0.9340463 0.1304811 0 -0.9914509 0.6650778 -0.002461612 -0.7467701 0.9914484 0 -0.1304999 0 0 -1 -0.9914484 0 -0.1305 -0.7633234 5.64471e-4 -0.6460163 -0.1304811 0 -0.9914509 -1 0 0 -1 0 0 -0.126284 0 0.9919942 -0.9914486 0 0.1304986 0 0 1 0.9914486 0 0.1304985 0.7942768 -7.41741e-4 0.6075556 0.923909 6.07204e-4 0.3826121 0.130492 0 0.9914494 1 0 0 1 0 0 0.2023483 0.9467588 0.2504062 -3.49707e-4 0.9999997 -7.32804e-4 0.9084776 0.01029109 -0.4178069 0.3649743 0.364967 -0.8565003 0.7070975 0.7070828 -0.006874918 0.9244723 0.007187247 -0.3811816 0.3827472 0.00865817 -0.9238125 0.006918489 0.7406458 -0.6718601 0.00638628 0.7519156 -0.6592285 0.379453 0.00889337 -0.9251683 0 0.2162507 -0.9763379 -0.210398 0.2114096 -0.9544835 -0.2970787 0.00591576 -0.9548347 -0.4132956 6.36369e-7 -0.910597 -0.9237619 0.01681703 -0.3825982 -0.4693814 0.8829241 -0.01123017 -0.8965443 0.01120793 -0.4428121 -0.5526688 0.8332026 -0.01818841 -0.9571412 0.289622 0 -0.6138516 0.007112562 0.7893894 -0.8628528 0.5054112 0.006673038 -0.96277 0.004953444 0.2702766 0.0321474 0.9768555 0.2114706 -0.5955691 0.008558988 0.8032586 -0.009655535 0.9826329 0.1853091 0 0.2413519 0.9704377 0.004087328 0.5063959 0.8622915 0.27011 0.004948675 0.9628168 0.6991804 0.003279447 0.7149379 0.005200684 0.9999846 0.001922607 0.8485357 0.5291383 0 0.9617976 0.005076766 0.2737148 0.3322576 -0.4964489 -0.8019623 0.9181758 -0.3772905 -0.1208518 0.8474072 -0.5298891 -0.03344559 0.7727054 -0.6341468 -0.02800267 0 -0.8610575 -0.5085079 0.08159857 -0.780376 -0.6199638 0.04963672 0.4495252 -0.8918876 0.00577718 0.9999435 -0.008933484 -0.7416351 -0.6647129 -0.09018939 -0.1193021 -0.4049919 -0.9065035 -0.4237695 0.407662 -0.8088456 -0.009124517 -0.9802292 -0.1976548 0 -1 0 -0.144025 -0.9888216 -0.03858578 -0.4371412 0.8993208 0.01139551 -0.910966 0.4124814 0 0.6155654 -0.009409189 -0.7880296 -0.7759254 -0.6225014 0.1021365 -0.6985989 -0.7145176 0.03773891 -0.4367215 0.898455 0.04530954 -0.3800258 -0.008701443 0.9249351 -0.009455025 -0.7507818 0.6604828 -0.03588336 0.5102792 0.8592599 -0.8671766 -0.004202663 0.4979832 1.9885e-5 0.999998 0.001992106 0 0.2162416 0.9763399 0.6982077 -0.6549011 0.2891549 -0.08705687 0.2154234 0.9726325 0.08030748 0.7881867 0.6101742 0.361418 -0.9311893 0.04757839 0.3449454 -0.937768 0.04005056 0.6794531 0.02988463 -0.7331102 -0.1981627 0.02111625 0.9799417 0.3205003 0.9472255 0.006593942 0.9109669 0.4124795 0 0.9865124 0 -0.1636866 0.9819486 5.29665e-4 -0.1891475 0.7528352 0.001684486 -0.6582071 0.8074925 -6.25902e-4 -0.5898776 0.2294552 -3.28992e-6 -0.9733192 0.3224819 -0.002808272 -0.9465715 -0.1636976 -3.38278e-6 -0.9865106 -0.2293378 -0.001373112 -0.9733459 -0.6219101 0.002411901 -0.7830851 -0.7571851 -0.002737998 -0.6531948 -0.970893 0.001578688 -0.2395084 -0.9856883 -1.93119e-7 -0.1685789 0.1636891 0 0.9865121 0.1891781 -5.30024e-4 0.9819427 0.5947404 6.39639e-4 0.8039176 0.6581528 -0.001618504 0.7528827 0.9519037 0.002315521 0.3063888 0.9733244 1.93526e-7 0.2294336 1.64427e-4 0.9999998 7.19963e-4 9.35351e-4 0.9999917 0.003976345 0.003023564 0.9999955 0 -8.94052e-5 0.9999997 8.9841e-4 0 0.9999864 0.005221724 0 1 4.41842e-5 -0.008289337 0.9999657 2.86818e-4 -0.007096648 0.9999741 0.001182317 5.39638e-5 0.9999989 0.001512944 0 1 6.30823e-5 0 1 0 0.007014513 0.9999754 3.1608e-4 2.35365e-4 0.9999993 0.001235902 0.001045465 0.9999994 3.54838e-4 0.00602889 0.9999814 0.001042187 -0.00288707 0.9999601 0.008455812 -0.004889369 0.9999818 0.003569364 0.002904355 0.9999927 0.002506792 -0.9856921 -1.93093e-7 0.1685563 -0.9830853 3.23107e-4 0.1831482 -0.7788746 3.1824e-4 0.6271796 -0.7825716 5.22272e-4 0.6225605 -0.2394071 0 0.9709194 -0.2992088 -0.001917958 0.9541858 0.004416704 0.5010994 0.8653786 -0.007364928 0.9072285 0.4205738 0.3911589 0.8906487 0.231818 -0.7029549 0.4886061 0.5168353 0.8901195 0.1557196 -0.4282975 -0.3782965 0.8994579 0.2187857 -0.02706897 0.9977677 0.06104952 -0.8670364 0.03376048 0.4970999 -0.9841266 0.1745427 0.03208887 -0.07584267 0.9970322 0.0132215 -0.04593497 0.9989445 0 -0.378819 0.8995389 -0.2175459 -0.8716859 0.04868006 -0.4876415 -0.5409625 0.1142982 -0.833244 -0.1057131 0.9922529 -0.06526029 -0.114625 0.9887745 -0.09584379 0.003907203 0.9334194 -0.3587662 -0.003821313 0.3587522 -0.9334251 0.4795841 0.08998906 -0.8728696 0.004847705 0.9991796 -0.04021167 0.01238816 0.9988866 -0.04552185 0.4429152 0.8613484 -0.2488075 0.866941 0.0357328 -0.4971285 0.9631978 0.257994 -0.07542657 0.1787872 0.9817426 -0.06493586 0.8717384 0.0562911 0.4867273 -2.94431e-4 1 -2.47571e-4 -1.18485e-4 1 7.03691e-5 3.60557e-5 1 -2.31611e-4 0 1 -1.84869e-6 0 -1 -9.33993e-7 0 1 8.92395e-6 0 1 2.45849e-5 0.003890275 0.9999704 -0.006640076 -3.30183e-4 1 -1.94658e-4 4.27789e-4 1 9.53374e-5 -3.8772e-4 -0.9999988 0.001527726 9.50344e-6 -1 1.29715e-5 0 1 -6.07943e-7 2.39735e-4 1 5.17122e-5 0 -1 -2.6378e-6 -2.67664e-6 1 -1.01112e-5 -2.08212e-5 -1 1.18837e-6 3.83874e-5 1 -2.25613e-6 -1.02999e-5 1 0 -1.04317e-5 1 3.01832e-6 2.03081e-5 1 -6.25051e-6 1 0 0 1 0 0 0 -3.41485e-6 -1 0 -3.41485e-6 -1 -1 0 0 -1 -1.85849e-7 0 -0.985078 0.009704053 -0.1718348 -0.9897832 0.1076551 -0.09348666 -0.261524 -0.1716111 -0.9498183 0.2455467 0.3529763 -0.902837 0.907154 -0.2917917 -0.3031983 0.7581185 -0.06408405 0.6489605 0.6246662 0.04858964 0.7793788 0.2998641 -0.09471696 0.9492683 0.1857927 0 0.982589 0 5.29079e-4 1 -4.29874e-5 0 1 -0.2971278 -0.09920227 0.9496705 -0.7625645 -0.04682332 0.6452154 -0.8696276 0.002798199 0.4937006 -0.9516105 -0.07089501 0.2990176 -0.961132 -0.08176684 -0.2637035 -0.86957 8.75402e-4 -0.4938089 -0.3440232 -0.1151655 -0.9318718 -0.1413563 0 -0.9899588 0 6.5735e-4 -0.9999999 5.50108e-5 0 -1 0.346265 -0.1145141 -0.9311215 0.8697292 -0.001360476 -0.4935275 0.9684281 -0.1062208 0.2255314 0.8696302 0.001097559 0.4937026 -0.8152828 0.2660245 -0.5143395 -0.4774309 -0.2620437 -0.8386852 0.345907 0.3063727 -0.8868394 -6.05957e-5 -1 2.70572e-4 -1.9794e-4 -1 -4.02108e-5 -1.4851e-4 -1 -2.92211e-4 0 -1 4.11848e-7 0 -1 -1.28331e-6 0 -1 5.06271e-7 7.96567e-4 -0.9999994 9.14765e-4 -8.07582e-4 -0.9999998 -1.18694e-4 0 -1 2.55344e-6 0 -1 -2.53287e-6 3.10006e-5 -1 -2.40446e-4 0 -1 1.05703e-6 3.41959e-5 -1 5.19782e-5 0 -1 1.81435e-6 0 -1 -4.11849e-7 0 -1 -2.12747e-6 0 -1 6.52473e-6 0 -1 -1.07743e-6 -0.1730886 0.07518064 -0.9820327 -0.3871309 -0.04505795 -0.9209231 -0.9476156 0.03439891 0.3175552 -0.9137156 0.07604473 0.3991757 -0.1837627 -0.06552171 0.9807845 -0.9469152 0.309578 0.08667868 -0.1151198 0.7108767 0.6938313 -0.5426927 0.8209812 -0.1774111 -0.06457251 -0.8689072 -0.490745 0.3306871 0.2529749 0.9092028 0.1136699 -0.4906996 0.8638826 -0.8226767 -0.330753 -0.4623914 0.4817902 -0.2100574 -0.8507375 -0.385334 -0.921418 -0.0500676 0.01666009 -0.9998512 -0.004504382 -0.007721364 -0.9997964 -0.01864433 -0.4757602 -0.8784626 0.04422509 -0.01117736 -0.999863 -0.01221626 0.01644259 -0.9997891 0.01230514 0.5363247 -0.0300486 -0.8434767 0.7411287 0.2057049 -0.6390726 0.8661669 -0.07367652 0.4942941 0.731413 0.6745345 -0.1001912 0.1944946 0.4638904 0.8642786 0 1 2.23248e-6 0.03014391 0.999415 0.01615571 0.4119709 0.08903259 0.906837 0.9757272 -0.05284857 -0.2125173 -0.2010826 -0.3488035 0.9153699 -0.2404093 -0.2625727 0.9344833 -0.5107485 -0.7973477 0.3215165 -0.6340091 -0.6912125 0.3467822 -0.3681107 -0.8776448 0.3069759 -0.2455636 -0.398979 0.8834673 -0.623269 -0.6475056 0.4384888 -0.05687344 -0.084791 0.9947743 -0.4415757 -0.8411171 0.312303 -0.2381313 -0.2616617 0.9353217 -0.276329 -0.3157072 0.9077287 -0.3037209 -0.7196702 0.6243624 -0.571064 -0.7419512 0.3512752 -0.4885483 -0.7047685 0.5144141 -0.5093048 -0.7725428 0.3791916 -0.506331 -0.6506484 0.5659378 -0.8225753 -0.1082944 0.5582493 -0.8189144 -0.1062014 0.5640041 -0.8185199 0.4711818 0.3286533 -0.4732691 0.8173838 0.3284817 -6.11429e-4 0.9440802 0.3297157 0.5032244 0.6558172 0.5627335 0.5020258 0.6551106 0.5646241 -0.695944 -0.5144789 0.5009725 -0.6583939 -0.505158 0.5579723 -0.9443887 -0.0023759 0.3288226 -0.6668779 0.6704404 0.3252441 -0.243148 0.9128121 0.3281055 0.3159241 0.7627456 0.5642793 0.3150631 0.7618709 0.56594 -0.9461049 0.003018796 0.3238465 -0.7707211 0.5913446 -0.2372775 -0.811612 0.4756577 0.3391692 -0.4749834 0.6190562 -0.625428 -0.3264912 0.7881697 -0.5217201 -0.108424 0.8234945 0.5568671 -0.08181983 0.905966 0.4153687 0.4702087 0.8184604 0.3301914 -0.6702383 -0.6659091 0.3276367 -0.822232 -0.1082654 0.5587603 -0.5955384 -3.43104e-4 0.8033268 -0.8235983 0.1084346 0.5567117 -0.6669087 0.6653602 0.3354529 -0.2418862 0.9138903 0.3260303 0.3265209 0.7882413 -0.5215935 0.2001176 0.9622607 0.184411 0.4323028 0.5634297 -0.7040321 -0.5459627 -0.4120989 -0.7294514 -0.6693481 -0.348273 -0.6562614 -0.7393937 -0.09311962 -0.6668027 -0.6799308 -0.02983498 -0.7326691 -0.6902828 0.2849001 -0.6650877 -0.7501641 0.4331207 -0.4996604 -0.4173552 0.5438944 -0.7280066 -0.3054029 0.7373084 -0.6025823 -0.09246116 0.6816979 -0.7257678 0.1042422 0.7918059 -0.6018114 0.260783 0.6337426 -0.72826 0.6014081 0.6163619 -0.508337 0.5482481 0.5021777 -0.6687613 0.5454758 0.3684548 -0.752793 0.744315 0.2348513 -0.625172 0.6770567 -0.06545412 -0.7330144 0.7200468 -0.03159511 -0.6932059 0.6717264 -0.3495061 -0.6531685 0.5460416 -0.4178428 -0.726117 0.4667175 -0.6796782 -0.5658732 0.2687255 -0.6349824 -0.7242817 0.7481018 0.6635841 0 0.8218324 0.5697296 0 0.8839404 0.4675998 0 0.8839365 0.4676072 0 0.9493204 -0.3143101 0 0.9888082 -0.1491931 0 0.9888091 -0.1491867 0 0.9997937 0.02030998 0 0.9997938 0.0203067 0 0.9819496 0.1891427 -8.12539e-7 0.9819498 0.1891421 0 0.9357694 0.3526126 0 0.9357659 0.352622 -1.62512e-6 0.8626196 0.5058531 0 0.8626183 0.5058556 0 0.7645944 0.6445118 0 0.7645913 0.6445156 0 0.4006783 0.9162188 1.70626e-5 0.46628 0.8846367 9.9365e-4 0.4045225 0.9145274 -0.001118719 0.5264062 0.850232 0.001474022 0.4782229 0.8782364 -0.001955747 0.5841549 0.8116391 0.002263367 0.5485007 0.8361455 -0.002785921 0.6376886 0.770293 0.001439809 0.6150832 0.7884572 -0.002834975 0.6845971 0.7289217 -4.0782e-5 0.677473 0.7355448 -0.002043724 0.7324362 0.6808358 -2.91578e-5 0.7800583 0.6257054 0.001365423 0.7370154 0.675874 -0.001646041 0.8215143 0.5701854 0.001780211 0.7924492 0.6099321 -0.002705812 0.8590918 0.5118174 0.002078235 0.8420522 0.539387 -0.003143012 0.8924677 0.451111 5.44999e-4 0.8853989 0.4648245 -0.002640247 0.9201925 0.3914659 -6.21226e-4 0.9451147 0.3267353 0.001512825 0.9221689 0.3867831 -0.001850008 0.9654821 0.2604676 9.34856e-4 0.9497594 0.3129783 -0.001340091 0.9508922 0.3095224 0 0.9805141 0.1964458 0.001066863 0.9722808 0.2338117 -0.001494646 0.9917737 0.1279987 0.001214981 0.9876462 0.1566942 -0.001466989 0.9982582 0.05899393 6.90664e-4 0.9969057 0.07859575 -0.001346468 0.9999772 -0.006751418 2.0229e-5 0.9971029 -0.07606494 -1.57136e-5 0.9999997 0 -8.51523e-4 0.9894364 -0.1449677 3.26672e-4 0.9969065 -0.07859581 -3.82748e-4 0.9769953 -0.2132586 9.88946e-4 0.9876466 -0.1566943 -0.001087009 0.9588406 -0.2839428 0.00116831 0.9722811 -0.2338116 -0.001287281 0.9368581 -0.3497051 0.001829743 0.9492527 -0.3145089 -0.001934289 0.9508922 -0.3095224 0 0.9103395 -0.4138565 0.002214312 0.9236751 -0.3831679 -0.002605676 0.8777514 -0.4791118 0.002067506 0.8908079 -0.4543735 -0.002487421 0.8424218 -0.5388174 0.001145482 0.8524726 -0.5227671 -0.002283811 0.8030205 -0.5959509 8.11806e-4 0.8088923 -0.5879554 -0.001413285 0.7603375 -0.6495277 -8.55421e-4 0.7598219 -0.650131 -6.62745e-4 0.7154605 -0.6986529 5.73844e-4 0.7071056 -0.7071057 -0.001865863 0.6652694 -0.7466015 0.001707196 0.6495268 -0.7603356 -0.002192556 0.6119892 -0.7908643 0.001711308 0.5879549 -0.8088896 -0.00260055 0.5586848 -0.8293781 0.001823306 0.5227677 -0.8524717 -0.002454996 0.4998074 -0.8661344 0.002011239 0.4386219 -0.8986712 0.001056671 0.454374 -0.8908084 -0.00221163 0.3786206 -0.9255521 -1.62185e-4 0.3831697 -0.9236771 -0.001287698 0.3135115 -0.9495844 1.74952e-4 0.2470027 -0.9690147 4.18006e-4 0.3108399 -0.9504622 -5.10646e-4 0.3095235 -0.9508919 0 0.2338117 -0.9722812 -0.001156091 0.1827298 -0.9831628 9.02247e-4 0.05545383 -0.9984593 0.002014398 0.1141792 -0.9934593 0.001310348 0.1566942 -0.9876461 -0.001480937 0.04507023 -0.9988068 0.01880604 0.009748756 -0.9998393 -0.01505017 -0.04853618 -0.9988215 -1.13971e-4 -0.03015607 -0.9994422 0.01435095 -0.02429872 -0.9974799 0.06665849 0.07859528 -0.9969055 -0.001517295 0.0583719 -0.9982949 2.64091e-5 0.03083711 -0.9995244 -1.09032e-5 0.006668508 -0.9999772 -0.001165628 -0.0278868 -0.9996111 -7.78498e-5 0 -0.9999984 -0.001839756 -0.04798489 -0.9988481 9.45445e-5 -0.009759187 -0.9999519 -9.90986e-4 -0.07859534 -0.9969059 -0.001204609 -0.0971775 -0.9952667 9.00877e-4 -0.1566944 -0.9876468 -9.7699e-4 -0.165931 -0.9861373 1.83281e-4 -0.2338119 -0.9722819 -2.19397e-4 -0.2339408 -0.9722508 -1.99731e-4 -0.3089281 -0.9510854 2.30383e-4 -0.3041719 -0.9526166 -0.001156806 -0.3694798 -0.9292384 8.27667e-4 -0.3095235 -0.9508919 0 -0.3867836 -0.9221663 -0.002826631 -0.4330751 -0.9013552 0.002178788 -0.4944289 -0.8692165 0.001700878 -0.4648236 -0.8853977 -0.003155946 -0.5505084 -0.8348295 3.21583e-4 -0.5393861 -0.8420549 -0.002514839 -0.6070714 -0.7946473 -3.86e-4 -0.654065 -0.7564381 6.78084e-4 -0.6099342 -0.792451 -0.00132066 -0.6897956 -0.7240042 0 -0.6759515 -0.7369396 -0.003118574 0.607993 0.7939425 7.79334e-5 0.6087647 0.7933509 0 0.3846439 0.9230651 -1.70464e-4 0.3827034 0.9238713 0 0.1291728 0.9916222 1.89258e-4 0.1329864 0.9911179 -1.0286e-4 -0.1302113 0.9914863 -2.68716e-5 -0.1306595 0.9914273 8.92238e-6 -0.3841264 0.9232805 0 -0.3826671 0.9238864 -1.22967e-4 -0.6084542 0.7935891 1.45572e-4 -0.6069743 0.7947215 0 -0.7942939 0.6075337 0 -0.7935861 0.608458 -9.26187e-5 -0.9237492 0.382998 -2.861e-5 -0.9238892 0.3826603 0 -0.9916567 0.1289079 1.25204e-4 -0.9912304 0.1321452 -1.24814e-4 -0.9914441 -0.1305326 0 -0.9911078 -0.1330611 2.07589e-4 -0.9253402 -0.3791375 -3.13226e-4 -0.9238705 -0.3827054 0 -0.7933758 -0.6087322 1.07798e-4 -0.7941893 -0.6076704 4.00621e-6 0.6064569 0.7951164 -2.3819e-4 0.3826669 0.9238865 4.09037e-5 0.6133846 0.7897842 4.71093e-4 0.1321397 0.9912312 0 0.3821993 0.92408 0 -0.1308994 0.9913957 -2.97236e-5 0.1305441 0.9914426 -1.25986e-4 -0.3810971 0.924535 2.09352e-4 -0.1305562 0.991441 -1.97943e-6 -0.38525 0.9228123 -1.29258e-4 -0.6089333 0.7932215 0 -0.6087625 0.7933526 -1.64949e-5 -0.7914058 0.6112912 -2.60797e-4 -0.793361 0.6087515 0 -0.924023 0.3823369 9.8083e-5 -0.9234423 0.3837374 -1.9591e-5 -0.9914369 -0.1305873 0 -0.9916968 0.1285976 0 -0.9918553 0.1273696 9.67622e-5 -0.9223947 -0.3862487 -3.11674e-4 -0.9914439 -0.1305339 4.62351e-6 -0.793378 -0.6087293 4.87372e-5 -0.9248074 -0.3804358 2.00087e-4 -0.7930041 -0.6092162 0 0.6072032 0.7945467 -1.10255e-4 0.3826102 0.9239099 0 0.6082993 0.7937079 0 0.1263349 0.9919876 -3.44048e-4 0.3826697 0.9238854 5.49813e-6 -0.130537 0.9914435 5.17022e-6 0.135344 0.9907987 3.9227e-4 -0.3827069 0.9238699 0 -0.130602 0.9914349 0 -0.6087325 0.7933756 0 -0.382704 0.923871 0 -0.7933771 0.6087306 2.30665e-5 -0.6051499 0.7961117 3.65079e-4 -0.9232575 0.3841816 0 -0.7935509 0.6085039 0 -0.9238702 0.3827061 -1.25469e-4 -0.9914759 0.1302906 1.22692e-4 -0.9912391 0.13208 -1.70478e-5 -0.9919359 -0.1267412 -3.10782e-4 -0.9911035 -0.1330935 2.07849e-4 -0.9238305 -0.3828021 1.83112e-5 -0.9238823 -0.3826769 6.24786e-6 -0.7921499 -0.6103267 1.12376e-4 -0.7942616 -0.607576 -1.51145e-4 0.6087285 0.7933787 0 0.3827059 0.9238703 1.97491e-4 0.3850267 0.9229055 0 0.1336193 0.9910327 -2.56218e-4 0.1283904 0.9917237 1.7022e-4 -0.1306951 0.9914227 0 -0.1304963 0.9914488 -1.54969e-5 -0.3797241 0.9250997 -2.57722e-4 -0.382672 0.9238843 0 -0.608978 0.793187 1.78822e-4 -0.6069297 0.7947555 -1.96394e-5 -0.7939591 0.6079713 8.04745e-5 -0.7935787 0.6084677 3.02735e-5 -0.9254202 0.3789427 5.73257e-5 -0.9235562 0.383463 -3.10346e-4 -0.9914441 0.1305324 0 -0.9916273 0.1291339 1.14771e-4 -0.9914428 -0.1305425 3.47517e-5 -0.9914981 -0.1301213 0 -0.9253752 -0.3790525 -3.17233e-4 -0.9224856 -0.3860318 2.95715e-4 -0.7933471 -0.6087696 0 -0.7933372 -0.6087825 0 -0.8014051 -0.5975626 0.02586251 -0.9701607 -0.2414581 -0.02204984 -0.9920074 -0.1238595 0.02408862 -0.9557928 0.2925191 -0.02987909 -0.9252501 0.3789585 0.01740324 -0.5449939 0.8380004 -0.02714926 -0.6067698 0.7947649 0.01339769 0.007556796 0.9993553 -0.0351001 -0.1329773 0.990876 0.02195423 0.3728169 0.9267852 0.04557162 0.6567321 0.751609 -0.06153899 0.8296914 0.5548432 0.06133019 0.9636678 0.2609077 -0.05719745 0.9622104 -0.2713468 -0.02284795 0.9945952 -0.09460449 0.04278314 0.6656674 -0.7445941 -0.04966616 0.7934764 -0.6081317 0.02390408 0.400584 -0.9144693 0.05725872 0.9718703 0.1459293 -0.1848589 0.9796714 0.113927 -0.1651204 0.8140836 -0.5781266 0.05511504 0.4950196 -0.7314752 0.4689346 0.6823433 -0.6144937 0.3959863 0.1827575 -0.6232169 0.7603949 -0.1129714 -0.6429831 0.7575027 -0.4767774 -0.754971 0.4502244 -0.5671211 -0.7086149 0.4198079 -0.7994893 -0.5983408 -0.05296397 0.2302528 -0.6657234 0.7097859 0.08827084 -0.7003642 0.7083066 0.2233518 -0.6745967 0.7035861 0.1023679 -0.6784841 0.7274478 -0.01505422 -0.7411307 0.6711921 -0.1730351 -0.6488319 0.7409968 -0.1352851 -0.7023342 0.6988739 -0.2530209 -0.6714696 0.6964977 -0.3827993 -0.5683297 0.728331 -0.3621457 -0.6175557 0.6981945 -0.4650129 -0.5516483 0.6924213 0.3158261 0.7592309 -0.569054 0.3158419 0.7624731 -0.5646935 -0.3149357 0.7603475 -0.5680557 -0.3126336 0.7579922 -0.5724579 -0.7583705 0.3141067 -0.5711491 -0.7557429 0.3140791 -0.5746365 -0.7612082 -0.31532 -0.5666881 -0.7607505 -0.3153225 -0.567301 0.6517866 -0.5026493 -0.5679066 0.6568995 -0.5040587 -0.5607209 0.9441086 -0.002091169 -0.329628 0.6548831 0.4986058 -0.5679088 0.6590754 0.5057526 -0.5566273 0.1063174 0.8074353 -0.5802972 0.1077064 0.809928 -0.5765554 -0.5032253 0.6558042 -0.5627481 0.3182262 0.7597597 -0.5670076 0.3182519 0.768365 -0.5552756 -0.3175056 0.7664747 -0.5583071 -0.3111302 0.7600163 -0.5705904 -0.759709 0.3147083 -0.5690353 -0.7556431 0.3146637 -0.5744478 -0.7627933 -0.315954 -0.5641981 -0.7612298 -0.3159395 -0.5663141 0.5009764 0.652947 -0.568052 -0.1072641 0.8149432 -0.5695279 -0.3161479 0.7632855 -0.5634232 -0.1515464 0.5697332 -0.8077362 -0.8172129 0.4720666 -0.3306301 -0.9436048 -0.001765012 -0.3310695 -0.6556892 -0.5031453 -0.5629533 -0.6464669 -0.5005744 -0.5757654 -0.5436173 0.7219208 0.428148 0.3090697 -0.6720238 0.6729487 -0.2320144 0.5886019 0.7744141 0.7925751 -0.2463549 0.5577939 -0.2930603 0.5348826 0.7924748 -0.1508369 0.9885343 0.00694561 -0.7801069 0.4550919 0.4293306 0 1 -4.13281e-6 0.7888804 -0.5913298 -0.1673227 -0.78878 -0.591422 0.1674695 -0.167183 -0.5912615 -0.7889611 0 1 6.31175e-7 -0.006185531 -0.9999575 0.006836831 1 1.80518e-4 0 0.9999992 0.001304447 -5.95671e-5 0.7300273 -0.6502999 -0.2101673 0.1743691 -0.5407791 0.8228933 0.3295218 -0.2206487 -0.918003 -1.13612e-4 0.002747178 -0.9999963 0 5.99785e-4 -0.9999999 -0.2103205 -0.6496653 -0.730548 0.8226094 -0.5411204 -0.1746499 -0.9180078 -0.2206282 -0.3295223 -1 2.48348e-4 -1.58696e-5 -1 0 0 -0.961089 0 0.276239 -0.01511657 0.2865577 0.9579438 -0.3295004 -0.2206472 0.918011 0 8.94089e-4 0.9999997 0.2100969 -0.650608 0.729773 -0.8227469 -0.5409574 0.174507 0.9179999 -0.2206656 0.3295193 0.7925691 0.5447835 -0.2739439 -0.4124509 -0.4914476 -0.7670486 -0.3895016 -0.3859025 -0.8362821 0.7445152 0.5443482 -0.3865 0.1762266 0.8693159 -0.4617729 -0.768714 -0.3115209 -0.5585996 -5.345e-4 -8.90939e-4 0.9999995 1.58974e-4 -8.87045e-5 1 8.26065e-6 3.04816e-6 1 8.28841e-4 -0.001020967 0.9999992 -2.20536e-5 -8.19601e-6 1 -2.14043e-5 2.3122e-5 1 0.001624703 8.24532e-5 0.9999988 -2.01619e-4 6.14475e-5 1 -0.001517176 1.77747e-5 0.9999989 -0.002127826 -5.35533e-4 -0.9999977 2.35792e-5 -9.82748e-5 1 5.01777e-4 -3.5198e-4 0.9999998 -1.35376e-4 1.15062e-4 1 -6.07823e-4 -1.72279e-4 0.9999998 -1.06775e-4 2.40552e-4 1 1.47052e-5 5.19991e-6 1 5.57036e-4 -1.48887e-4 0.9999999 1.93199e-5 6.26427e-4 0.9999999 3.87846e-4 5.56104e-4 0.9999998 1.43304e-4 -3.4088e-5 1 6.95186e-6 6.20994e-5 1 2.02577e-4 -4.60479e-4 1 -1.06969e-5 -5.20954e-6 1 6.49093e-4 8.45291e-4 0.9999995 -2.45033e-5 -2.7082e-5 1 -0.002132713 2.19161e-4 0.9999978 -2.46789e-5 -1.21057e-5 1 -7.58276e-6 2.19317e-5 1 5.73105e-5 6.07473e-5 1 7.24844e-4 -7.13262e-5 0.9999998 -4.04704e-4 3.162e-5 1 7.96941e-4 6.77603e-4 0.9999995 -4.22424e-4 -2.68256e-4 1 7.35549e-6 3.31625e-5 1 6.03565e-4 -1.47739e-4 -0.9999998 -2.64067e-6 -1.2182e-5 1 2.77598e-4 -3.1061e-4 1 5.47363e-4 2.87156e-4 0.9999998 2.24783e-5 7.42415e-7 1 1.95677e-5 2.63097e-4 1 -2.10075e-4 -4.8288e-4 0.9999999 3.05795e-4 2.0508e-5 1 -7.48666e-4 6.45489e-4 0.9999995 -1.24818e-5 -1.10617e-5 1 0.001008749 -0.002310395 0.9999969 -2.02739e-4 4.6048e-4 0.9999999 -6.08243e-4 -2.21728e-5 0.9999998 6.24801e-4 1.66141e-4 0.9999999 -5.5669e-4 1.48866e-4 0.9999999 -4.97875e-4 3.64702e-4 0.9999999 -1.35163e-5 9.0956e-5 1 3.45825e-4 -3.25931e-4 1 2.18974e-4 5.2428e-4 0.9999999 -1.99375e-5 -6.26677e-4 0.9999999 -0.001638889 -7.60718e-5 0.9999988 1.84776e-4 -4.85793e-5 1 4.29314e-5 5.99257e-6 1 -1.40913e-4 2.18957e-5 1 -1.52315e-5 -2.1014e-6 1 -8.45902e-4 0.001022636 0.9999991 1.041e-4 -2.4769e-4 1 -1.98897e-5 -7.0503e-6 1 -0.002634704 0.001906096 0.9999948 9.0682e-6 -2.82653e-5 1 5.34745e-4 8.90939e-4 0.9999995 5.23932e-4 -8.56203e-4 0.9999996 -7.32037e-4 9.20547e-5 0.9999998 -1.32523e-4 -3.07762e-4 1 -3.52586e-4 0.001030683 0.9999994 7.19087e-4 -8.31925e-6 0.9999998 -8.83072e-4 -3.64942e-4 0.9999997 4.30408e-4 3.97537e-4 0.9999998 -1.00934e-5 1.35003e-6 1 1.87678e-6 1.76044e-5 1 2.51242e-4 -4.51532e-4 0.9999999 -2.17611e-5 -4.09597e-5 1 -6.49864e-5 -8.73831e-5 1 -3.52741e-4 0.001010537 0.9999995 2.46334e-4 -2.85684e-4 1 -6.32692e-4 -7.37498e-4 0.9999995 2.06196e-5 -1.74898e-4 1 -6.44281e-4 -6.19037e-4 0.9999997 1.41024e-5 -1.26802e-5 1 8.06248e-5 1.02767e-4 1 -1.08915e-5 9.66462e-6 1 9.83134e-6 1.45324e-5 1 -6.71022e-6 2.26608e-6 1 4.16827e-7 5.29336e-6 1 1.83922e-4 1 2.53432e-4 4.2185e-4 1 -3.10765e-4 -3.93562e-4 0.9999999 4.14963e-4 3.28399e-4 1 1.99653e-4 3.23263e-4 0.9999998 -5.79534e-4 -2.00301e-4 1 1.47819e-4 -8.42434e-4 0.9999996 -2.53827e-4 0 1 3.48412e-6 0 1 -4.75362e-6 3.60576e-4 1 2.82118e-4 6.34391e-4 0.9999998 3.30413e-4 -1.1804e-4 1 2.84077e-4 1.37061e-4 1 -2.58925e-4 -6.28118e-4 0.9999998 -3.32813e-4 -3.37853e-4 0.9999999 -3.47882e-4 3.05325e-5 1 -6.07109e-6 1.27975e-5 1 6.42e-6 -2.83641e-5 1 1.86067e-5 0 1 -1.98526e-6 -3.13764e-5 1 -4.94147e-6 9.67357e-7 1 -4.94409e-5 4.19158e-4 0.9999999 -3.27955e-4 0 1 4.75363e-6 0 1 -3.5029e-6 -8.15888e-5 1 -2.9902e-4 -5.98438e-4 0.9999998 2.45577e-4 0 1 4.40742e-7 0 1 8.12024e-7 0.8538349 1.05711e-4 -0.5205441 0.8539087 -8.04376e-4 -0.5204223 -0.8537068 0.006458222 -0.5207141 -0.8540813 0.002238988 -0.5201348 -0.1848419 0 -0.9827684 -0.2615743 0.08305358 -0.9616034 -0.7088963 -0.1588034 -0.6872027 2.74824e-5 2.84077e-4 -1 0.4596665 0.1500785 -0.8753189 0.2620498 -0.09733277 -0.9601334 -4.27354e-6 -2.56376e-5 -1 0 0 -1 1.64876e-5 4.32284e-5 -1 0 2.17178e-5 -1 -7.12995e-5 -1.50242e-5 -1 3.54752e-4 7.50453e-5 -1 7.07349e-5 -1.23968e-4 -1 -3.0422e-7 -2.39028e-5 -1 -5.7869e-6 -8.96458e-6 -1 8.44775e-5 1.11823e-4 -1 -9.35009e-5 -9.32077e-5 -1 9.70232e-5 2.14914e-5 -1 -2.44726e-5 -5.42279e-6 -1 -3.12958e-5 -4.80576e-6 -1 9.62021e-5 -6.68471e-5 -1 -1.98874e-4 1.826e-4 -1 2.26856e-5 -1.10801e-5 -1 -0.1085978 -0.8247781 -0.5549302 -0.1045643 -0.8177105 -0.5660529 0.4735671 -0.8162221 -0.3309314 0.7687678 -0.3184201 -0.5546212 0.7636916 -0.3133727 -0.5644225 0.9127488 0.2445076 -0.32727 0.5006333 0.6517034 -0.5697799 -0.3158348 -0.7602382 -0.5677028 -0.3158419 -0.7624731 -0.5646935 0.3149357 -0.7603475 -0.5680557 0.3126336 -0.7579922 -0.5724579 0.759626 -0.3146408 -0.5691833 0.7560219 -0.314596 -0.5739862 0.7588484 0.3143536 -0.5703781 0.7627021 0.3143765 -0.5652017 -0.4176406 0.4160985 -0.8077365 -0.6512864 0.4997364 -0.5710425 -0.8200652 -0.1079759 -0.5619915 -0.8187804 -0.1083139 -0.5637967 -0.5004792 -0.6505233 -0.5712618 -0.5012443 -0.653286 -0.5674255 0.1072391 -0.8144077 -0.5702981 0.1063336 -0.817924 -0.5654146 -0.3163343 -0.7604207 -0.56718 -0.3163431 -0.7637497 -0.5626844 0.3157412 -0.7622153 -0.5650977 0.3130334 -0.7594621 -0.5702872 0.759709 -0.3147083 -0.5690353 0.7575001 -0.3146849 -0.5719853 0.7627933 0.315954 -0.5641981 0.7632805 0.3159533 -0.5635393 0.2278172 0.6631348 0.7129878 0.2438321 0.6781679 0.6932778 0.1641789 0.6691756 0.7247409 0.09448045 0.7160639 0.6916111 0.1032497 0.7011786 0.7054702 -0.09288996 0.7063373 0.7017543 -0.2211576 0.7910225 0.5704146 -0.1707956 0.7984928 0.5772679 -0.2875059 0.8706385 0.3991604 -0.2725924 0.8309259 0.4850317 -0.3542708 0.9024204 0.2452132 -0.6622033 -0.2338554 0.7118979 -0.6778309 -0.0724793 0.7316365 -0.6979606 -0.1162464 0.7066384 -0.7249869 -0.00581932 0.6887382 -0.6517245 0.174267 0.7381642 -0.7158453 0.1086345 0.6897566 -0.6689803 0.2138168 0.7118622 -0.5699059 0.3827726 0.7271125 -0.646348 0.3267189 0.6895571 -0.5719714 0.4141405 0.7080512 -0.4269526 0.5362649 0.7281013 -0.5115576 0.5115534 0.6903783 -0.4161679 0.5747711 0.7045868 -0.2445293 0.6395726 0.728802 -0.3258629 0.6446642 0.6915356 -0.2169612 0.6788033 0.7015368 -0.02387481 0.6756945 0.7367951 -0.1081588 0.712719 0.6930608 0.005657017 0.7052007 0.7089853 0.1211246 0.7320355 0.6704125 -0.7018482 -0.09227156 0.7063251 -0.7015299 -0.09255927 0.7066036 -0.6872417 -0.1686139 0.7065892 -0.6872437 -0.1686109 0.706588 -0.6659519 -0.2389073 0.7067046 -0.6977862 0.1853044 0.6919224 -0.7582911 0.0248146 0.6514438 -0.7887794 0.247924 0.5624596 -0.8356915 0.1521521 0.5277022 -0.851706 0.2618479 0.4539081 -0.9046775 0.3063364 0.2961698 -0.8999879 0.3215944 0.2942768 -0.9084534 0.375801 0.1829923 -0.5695939 0.7596848 0.3137542 -0.1721706 0.2504547 0.952696 -0.5201112 0.8170197 0.2489241 -0.5187531 0.8370441 0.1739323 -0.8434256 0.4997395 0.1972151 -0.5915184 0.3362737 0.7328206 -0.2559942 0.1462174 0.9555562 -0.5578147 0.3249307 0.7637165 -0.3218547 0.5369789 0.7797843 -0.3947309 0.6205393 0.6775828 -0.1048281 0.165815 0.9805695 -0.1579201 0.06960284 0.9849959 -0.4296883 0.8047636 0.4095406 -0.82795 0.5021343 0.2497202 -0.7979334 0.5716117 0.1912129 -0.7826735 0.5705049 0.2488909 -0.3525531 0.8670474 0.3520442 -0.5042659 0.4409213 0.7424988 -0.8452585 0.4279749 0.3199621 -0.5235798 0.384288 0.7603861 -0.5681484 0.4014195 0.71838 -0.2671297 0.1885915 0.9450265 -0.4022445 0.2998886 0.865024 -0.7206726 0.6046474 0.3391644 -0.5598426 0.472958 0.6803581 -0.1421887 0.1302816 0.9812284 -0.688116 0.6733115 0.2704591 -0.7172815 0.6740239 0.1766328 -0.4560964 0.4233911 0.7827619 -0.1391716 0.150552 0.9787572 -0.6418784 0.7321594 0.2278922 -0.4921389 0.5471231 0.6770936 -0.3871459 0.4626764 0.7975267 -0.6386513 0.7650461 0.08263838 -0.1421765 0.1533518 0.9778902 -0.8885 -0.3151979 0.3334939 -0.7145571 -0.07241517 0.6958191 -0.8284203 -0.2147761 0.5172922 -0.8252944 -0.2317377 0.514963 -0.8912044 -0.3052855 0.335493 -0.9252113 -0.3527126 0.1399213 -0.6647005 0.2426738 0.7065994 -0.6872382 0.1686109 0.7065933 -0.6872459 0.1686249 0.7065824 -0.7015275 0.09255897 0.706606 -0.7028812 0.09131371 0.7054218 -0.5318716 -0.4521118 0.716036 -0.5357335 -0.4515976 0.7134768 -0.6283608 -0.2693659 0.7297977 -0.6255966 -0.3668598 0.6885077 -0.6633868 -0.2499775 0.7052867 -0.6743713 -0.04518097 0.7370089 -0.7105464 -0.1368668 0.6902112 -0.7069309 -0.01435655 0.7071369 -0.7328016 0.1105635 0.6713998 -0.6560232 0.219191 0.7222111 -0.6585763 0.2180485 0.7202306 0.1043637 -0.7002149 0.706263 0.09462392 -0.7171506 0.6904647 0.1639788 -0.6683464 0.725551 0.2467232 -0.675786 0.6945797 -0.1648349 -0.7051108 0.6896725 -0.02480798 -0.7584795 0.6512246 -0.1522463 -0.8353503 0.5282151 -0.2558279 -0.7855736 0.563406 -0.2447647 -0.8871583 0.3912038 -0.3034077 -0.8501594 0.4303171 -0.3308809 -0.8866153 0.3231582 -0.3514652 -0.9287558 0.1178342 0.3082372 -0.8989008 0.311396 0.07288497 -0.7116367 0.6987568 0.2210085 -0.8264433 0.5178289 0.2316035 -0.8256687 0.5144231 0.3014821 -0.9012979 0.3110798 0.375304 -0.9047169 0.2015796 -0.2278248 -0.6631422 0.7129786 -0.2438321 -0.6781679 0.6932778 -0.1641789 -0.6691756 0.7247409 -0.09448045 -0.7160639 0.6916111 -0.1016137 -0.7039887 0.7029044 0.662204 0.2338526 0.711898 0.6778354 0.07246994 0.7316334 0.6979638 0.1162379 0.7066366 0.7249879 0.005819201 0.6887371 0.6517245 -0.174267 0.7381642 0.7158453 -0.1086345 0.6897566 0.6689827 -0.2138223 0.7118583 0.5699142 -0.3827667 0.727109 0.6463571 -0.3267157 0.6895502 0.5719802 -0.4141455 0.7080411 0.4269496 -0.5362756 0.7280952 0.511564 -0.5115633 0.6903662 0.4161679 -0.5747711 0.7045868 0.2445293 -0.6395726 0.728802 0.3258629 -0.6446642 0.6915356 0.2169612 -0.6788033 0.7015368 0.02388268 -0.675698 0.7367917 0.1081588 -0.712719 0.6930608 -0.005657374 -0.7052118 0.7089742 -0.1211267 -0.7320454 0.6704013 0.7015477 0.09254938 0.7065873 0.7015299 0.09255927 0.7066036 0.6872518 0.1686174 0.7065786 0.6872408 0.1686267 0.7065869 0.6659604 0.2389175 0.7066932 0.7069653 -0.1317929 0.6948603 0.7638673 -0.02405297 0.644925 0.6500312 -0.4488082 0.6132134 0.835565 -0.1521823 0.5278936 0.8517087 -0.2618463 0.453904 0.9185698 -0.3220137 0.229209 -0.1771036 -0.1206456 0.9767696 -0.8426958 -0.442406 0.3068239 -0.7222937 -0.313712 0.6163413 -0.8739507 -0.3665591 0.3191311 -0.8021591 -0.5138341 0.3041635 -0.6852104 -0.6285022 0.3680648 -0.7348492 -0.5655963 0.374296 -0.3281845 -0.2009273 0.9229968 -0.2941318 -0.2606524 0.9195362 -0.6750564 -0.6268627 0.3890271 -0.7629932 -0.5112451 0.3955627 -0.2404389 -0.2096132 0.9477613 -0.718612 -0.5103194 0.4724097 -0.2333957 -0.1852539 0.9545719 0.4487593 -0.5271233 0.7216343 0.1386061 -0.1742578 0.9748963 0.4269974 -0.8371368 0.3418706 0.5006405 -0.500671 0.7061782 0.5894737 -0.5585311 0.5835787 0.4904465 -0.6064209 0.6258723 0.8974584 -0.3722912 0.236575 0.831027 -0.423881 0.3601655 0.8328596 -0.5107372 0.2132899 0.8088908 -0.5117891 0.2894264 0.3434837 -0.2392301 0.9081785 0.5849648 -0.351054 0.731148 0.7914981 -0.5753152 0.20626 0.7230704 -0.4582722 0.5168713 0.1160011 -0.2091334 0.9709826 0.6029648 -0.5833741 0.5441583 0.7189703 -0.6141906 0.3253484 0.558528 -0.7684019 0.3124181 0.5341261 -0.6289722 0.5648924 0.2127261 -0.2993093 0.9301406 0.5027917 -0.8198954 0.2738105 0.4351713 -0.7718914 0.4634757 0.3625156 -0.5822529 0.7277116 0.1112502 -0.1851005 0.9764022 0.5972675 -0.2857041 0.7494296 0.6812182 -0.6812179 0.2681121 0.6730397 -0.6796125 0.2917954 0.6271522 -0.7341432 0.2602191 0.6273963 -0.7367641 0.2520964 0.4077906 -0.5763519 0.7081845 0.9024863 -0.3999578 0.1598514 0.2202579 -0.2079018 0.9530286 0.1570169 -0.1387934 0.9777946 0.6010931 0.3724214 0.7070993 -0.1733369 -0.1144559 -0.9781893 0.8544295 0.4485687 0.262176 0.3617959 0.7787743 0.5124592 0.3890313 0.9071237 0.1605656 0.8802866 0.3692201 0.2979465 0.5490152 0.2767961 0.7886485 0.272857 0.579442 0.7679819 0.4470368 0.8209637 0.3552137 0.8586483 0.4478685 0.2492729 0.07660114 0.1170454 0.990168 0.5279973 0.8048901 0.2708706 0.5251463 0.833697 0.1707946 0.3186901 0.5138819 0.7964686 0.3553577 0.552989 0.7536075 0.1212207 0.1998068 0.972308 0.5924884 0.7594934 0.2685655 0.6067055 0.7636573 0.2207621 0.4026359 0.5034546 0.7644723 0.2789129 0.4011676 0.8725091 0.1476297 0.1878384 0.9710418 0.676203 0.6775735 0.2892124 0.4404208 0.4793624 0.7591056 0.3465123 0.3053113 0.8869691 0.6750486 0.6713045 0.3060389 0.4806445 0.4392448 0.7589764 0.2620362 0.2422319 0.9341632 0.1652701 0.1442094 0.9756482 0.5541148 0.4777835 0.6816743 0.7633769 0.5979669 0.2443181 0.4864555 0.3800044 0.7867388 0.7579656 0.5833896 0.2917956 0.6312793 0.3977306 0.6658055 0.1835255 0.1197972 0.975688 0.797253 0.5106877 0.3218476 0.8339234 0.5085057 0.2144616 -0.3200219 -0.6514123 -0.6879302 0.01221245 -0.8003577 -0.5993986 0.4091207 -0.6418848 -0.64854 0.8893254 0.3146616 0.3317957 0.7085621 0.07334923 0.7018259 0.709028 0.07241654 0.7014523 0.7631483 0.2156079 0.6091946 0.8302088 0.1606148 0.5338131 0.9341223 0.1806249 0.3078804 0.8098182 0.3065776 0.5002046 0.9260876 0.3515812 0.1369397 0.6646928 -0.2426733 0.7066068 0.6872387 -0.1686078 0.7065935 0.6872408 -0.1686121 0.7065904 0.7015275 -0.09255897 0.706606 0.701548 -0.09254616 0.7065874 -0.2235348 0.6751454 0.7030014 -0.02032119 0.6803603 0.732596 -0.1084339 0.7186889 0.686825 0.01439756 0.7088025 0.70526 0.2105523 0.640895 0.7381879 0.1368709 0.7105673 0.6901887 0.2483335 0.659031 0.7099357 0.3755154 0.6403543 0.6700258 0.45203 0.4962429 0.7412232 0.4504039 0.5343161 0.715292 0.5517674 0.4651136 0.6922587 0.5999152 0.3029748 0.7404783 0.6098605 0.3576299 0.7072277 0.676667 0.2549833 0.6907281 0.6657877 0.04618954 0.7447102 0.7106215 0.1368778 0.6901316 0.7009375 0.01423573 0.7130807 0.7315879 -0.1103798 0.6727522 0.6569187 -0.221579 0.7206668 0.662019 -0.2191881 0.7167199 -0.1037489 0.7003243 0.7062451 -0.09448182 0.7160729 0.6916018 -0.1641833 0.6691821 0.7247339 -0.2477084 0.6784856 0.6915909 -0.2287832 0.6666478 0.7093935 0.1545367 0.7054861 0.6916704 0.01967066 0.7715727 0.6358371 0.1539798 0.7736639 0.6146011 0.3223832 0.8612518 0.3928287 -4.61655e-4 0.9462803 -0.3233471 -0.9724125 -0.08841454 -0.2158631 -0.9972181 0.07208299 0.01898044 -0.9829965 -0.06833094 0.170437 0.8543237 -0.003139793 0.5197318 0.8538429 0.003347218 0.5205202 0.2749537 -0.1180061 0.9541882 0.5698887 0.2631233 0.7784557 2.4931e-5 0 1 0 2.68693e-4 1 -0.3753688 0.1698247 0.9111849 -0.2739335 0 0.9617487 -0.8539231 -3.69507e-4 0.5203992 -0.8538326 8.3832e-4 0.5205472 0.9754772 -0.109384 0.1909965 4.08372e-6 1 -3.43019e-6 0 1 -8.43932e-6 0 1 -1.33133e-6 -2.90913e-5 1 -3.39286e-5 -4.32322e-6 0 1 1.94884e-7 0 1 1.42429e-7 0 1 -1.2013e-6 0 1 7.73366e-7 0 1 -7.22856e-7 0 1 8.57452e-7 0 1 -9.03289e-7 0 1 -6.93474e-7 0 1 -4.47565e-7 0 1 4.9986e-7 0 1 -2.549e-6 0 1 1.1573e-6 0 1 1.99593e-6 0 1 -1.12714e-5 0 1 -1.48488e-6 0 1 1.55148e-6 0 1 -1.20546e-6 0 1 1.24653e-6 0 1 -2.10363e-6 0 1 1.5358e-6 0 1 1.5826e-6 0 1 1.48204e-6 0 1 1.19411e-6 0 1 -1.30606e-6 0 1 1.26697e-6 0 1 1.20884e-5 0 -1 -4.73934e-6 0 1 -3.05194e-6 0 1 -2.18474e-5 0 -1 0.5411235 0.8388363 -0.0594893 0.4022056 0.9154421 0.01402449 0.003632724 -0.9999578 -0.008450865 0.003871858 -0.9999588 -0.008213698 -0.5034198 -0.8639367 -0.0134955 -0.4399042 -0.8976633 0.02617484 -0.8635372 -0.5041458 -0.01185446 -0.9020917 -0.4303449 0.03215312 -0.9982457 0.0529167 -0.02655845 -0.9916504 0.1283013 0.01296871 -0.7543566 0.655962 -0.02569204 -0.7978512 0.6027681 0.01020324 -0.2953969 0.9550853 -0.02351397 -0.4090891 0.9122109 0.02275067 -0.003055095 0.9999761 0.006200909 0.01171886 0.9999207 -0.004634141 0.8014361 0.5975203 0.02588027 0.9701679 0.2414313 -0.02203285 0.9920047 0.1238822 0.02408021 0.9557945 -0.2925119 -0.02989619 0.9252401 -0.3789826 0.01740705 0.5086606 -0.8595277 -0.04976409 0.6068031 -0.7947388 0.01342689 0.1328727 -0.9901415 0.04432392 -0.1633631 -0.9857454 -0.04023259 -0.3731257 -0.927212 0.0324825 -0.6903789 -0.7221555 -0.04322606 -0.6085883 -0.7934862 0 -0.6112717 -0.7914208 -2.72863e-4 -0.3824916 -0.923959 0 -0.3772165 -0.9261251 4.53975e-4 -0.1323676 -0.9912007 -1.49019e-4 -0.1305438 -0.9914426 0 0.1322805 -0.9912124 4.89556e-5 0.1298605 -0.9915323 -1.37435e-4 0.3827068 -0.9238699 0 0.3841457 -0.9232726 1.27422e-4 0.6062481 -0.7952755 -2.55628e-4 0.6087761 -0.7933421 0 0.7934862 -0.6085882 0 0.7964236 -0.6047391 3.85783e-4 0.9229425 -0.3849381 -1.99216e-4 0.923883 -0.3826751 0 0.9915806 -0.1294921 6.6603e-5 0.9913275 -0.1314151 -8.30188e-5 0.991494 0.1301528 -3.1968e-5 0.991299 0.1316295 8.94336e-5 0.9232311 0.3842453 1.07958e-4 0.9244169 0.3813838 -1.26716e-4 0.7933756 0.6087325 0 0.7929171 0.6093296 6.18457e-5 -0.6079939 -0.7939417 7.78428e-5 -0.6087653 -0.7933503 0 -0.3817499 -0.9242657 8.34274e-5 -0.3827009 -0.9238722 0 -0.1264926 -0.9919676 1.87448e-4 -0.1330609 -0.9911078 -3.05356e-4 0.1305438 -0.9914426 0 0.1306596 -0.9914273 8.92238e-6 0.3827949 -0.9238334 1.09097e-5 0.3826689 -0.9238856 0 0.6104354 -0.7920661 1.77897e-4 0.6069196 -0.7947633 -1.56524e-4 0.7933349 -0.6087855 0 0.7935597 -0.6084924 2.92923e-5 0.9238835 -0.3826738 0 0.9238894 -0.3826597 0 0.99156 0.1296487 1.76976e-4 0.9903799 -0.1383744 -4.95298e-4 0.991231 -0.1321406 0 0.9238678 0.382712 0 0.9912658 0.1318797 0 0.7944648 0.6073104 0 0.9238736 0.3826979 0 0.7950913 0.6064898 8.17667e-5 -0.6087279 -0.7933792 0 -0.3827035 -0.9238712 0 -0.6087319 -0.793376 0 -0.1305378 -0.9914434 1.29683e-4 -0.3847365 -0.9230265 1.77844e-4 0.128902 -0.9916573 0 -0.1289106 -0.9916563 0 0.3830489 -0.9237282 -3.26721e-5 0.1305498 -0.9914418 -1.30471e-4 0.6074361 -0.7943686 4.97749e-5 0.3803858 -0.9248279 1.99791e-4 0.7935836 -0.6084613 -3.12675e-5 0.6092827 -0.7929531 -1.28e-4 0.9240556 -0.3822582 0 0.7933553 -0.608759 0 0.9924359 -0.1227635 -6.14494e-4 0.922522 -0.3859447 3.2307e-4 0.9914433 0.1305384 0 0.9914616 -0.1303988 0 0.9238881 0.382663 4.47248e-5 0.9917234 0.1283931 1.76667e-4 0.794246 0.6075964 0 0.9236693 0.3831907 0 0.793338 0.6087815 -1.18974e-4 -0.6080105 -0.7939291 7.58574e-5 -0.6087518 -0.7933607 0 -0.3899173 -0.9208498 -6.36009e-4 -0.3826686 -0.9238858 0 -0.1309449 -0.9913897 1.89813e-4 -0.1329548 -0.9911221 3.17947e-5 0.1301444 -0.9914951 -3.23408e-5 0.1306533 -0.9914281 9.41578e-6 0.3842067 -0.9232471 0 0.3827089 -0.923869 -1.2697e-4 0.6087281 -0.7933791 1.82469e-4 0.6068691 -0.794802 0 0.7933792 -0.6087279 0 0.7936263 -0.6084056 3.32554e-5 0.923871 -0.3827042 0 0.9238681 -0.3827112 0 0.9909268 -0.1344031 -1.85585e-4 0.9912402 -0.1320721 0 0.9243917 0.3814448 0 0.9914494 0.1304916 0 0.9911032 0.133096 2.095e-4 0.7915384 0.6111196 -2.42817e-4 0.923884 0.3826727 -1.04965e-4 0.7950367 0.6065614 2.23393e-4 0.3361265 0.9418149 0.001948356 0.3376814 0.9412593 0.001504659 0.2219064 0.9750643 0.002698183 0.2382792 0.9711958 -0.001357138 0.1029193 0.9946832 0.00359553 0.1308103 0.9914046 -0.002403616 -0.01752322 0.9998348 0.004839897 0.03250598 0.999469 -0.002239644 -0.1377566 0.9904614 0.003064811 -0.06400513 0.9979478 -0.001860499 -0.2559661 0.9666852 0.001056492 -0.1561635 0.987731 -7.88333e-4 -0.2603179 0.965523 1.70321e-6 0.3197027 0.9475162 -0.001840531 0.165959 0.9861326 3.98189e-4 0.008022129 0.9999678 0 0.1675546 0.9858628 0 -0.1500377 0.9886803 0 -0.3044502 0.9525283 0 -0.1500387 0.9886801 0 -0.3044492 0.9525287 0 -0.4511166 0.892465 0 -0.4511207 0.8924629 0 -0.5864664 0.8099735 0 -0.5864681 0.8099724 0 -0.7071045 0.7071092 0 -0.7071096 0.707104 0 -0.8099734 0.5864668 0 -0.8924629 0.4511209 -2.61136e-6 -0.89246 0.4511267 0 -0.9525282 0.3044502 0 -0.9525313 0.3044408 -1.52323e-6 -0.9886798 0.1500414 0 -0.9886803 0.1500379 0 -0.9999678 -0.008022189 0 -0.9861325 -0.16596 3.95622e-4 -0.9858641 -0.1675475 0 -0.9475172 -0.3196999 -0.001831412 -0.9528528 0.303433 0 -0.9580156 0.2866985 0.003208041 -0.9865232 0.1635654 0.00429058 -0.9770349 0.2130703 -0.002033352 -0.9923873 0.1231449 -0.001734256 -0.9992793 0.03786534 0.002700865 -0.9992831 0.03776037 0.002726435 -0.9960658 -0.08849072 0.004726648 -0.9991794 -0.04048383 -0.001309394 -0.9769583 -0.2133957 0.003860771 -0.9914027 -0.1308088 -0.003153204 -0.9422368 -0.3349398 0.002287685 -0.9711948 -0.2382797 -0.001933932 -0.9418215 -0.3361079 0.00195533 -0.9393529 0.3429521 0 -0.9422376 0.3349375 0.002286136 -0.9769589 0.2133932 0.003860533 -0.9711951 0.2382783 -0.001935124 -0.9960658 0.08849072 0.004726648 -0.9914027 0.1308088 -0.003153085 -0.9996623 0.02579426 -0.003153085 -0.9992666 -0.03786319 0.005717337 -0.9865239 -0.1635651 0.004155933 -0.9955617 -0.09405243 -0.003334879 -0.9580178 -0.2867007 0.002162456 -0.980532 -0.1963538 -0.001527547 -0.9550989 -0.2962874 0 -0.947519 0.3196997 0 -0.9861319 0.1659592 -0.001217961 -0.9493197 0.3143098 0.001320123 -0.9999653 0.008022129 -0.002257585 -0.9888051 0.1491927 0.00244385 -0.988675 -0.1500406 -0.003103017 -0.9997881 -0.02030986 0.003382325 -0.9525225 -0.3044449 -0.003763079 -0.9819413 -0.189141 0.004139125 -0.8924564 -0.4511141 -0.004232108 -0.9357581 -0.3526115 0.004699051 -0.8099635 -0.5864631 -0.004508852 -0.8626086 -0.5058466 0.005079329 -0.7071022 -0.7070965 -0.004601836 -0.7645806 -0.6445066 0.005273282 -0.5864621 -0.8099642 -0.004509747 -0.6445031 -0.7645837 0.005273282 -0.4511153 -0.8924556 -0.004232108 -0.5058468 -0.8626085 0.005078673 -0.304449 -0.9525213 -0.003762841 -0.3526094 -0.9357589 0.004698872 -0.1500369 -0.9886755 -0.003103017 -0.1891435 -0.9819408 0.00413841 0.008022129 -0.9999653 -0.002257049 -0.02030801 -0.9997881 0.003381907 0.1659598 -0.9861318 -0.001216828 0.1491886 -0.9888058 0.002443552 0.3197029 -0.9475179 0 0.3143106 -0.9493194 0.001318991 -0.303433 -0.9528529 0 -0.2866985 -0.9580156 0.00320822 -0.1635648 -0.9865233 0.004290997 -0.2130692 -0.9770351 -0.002033531 -0.1231474 -0.992387 -0.001734793 -0.03786218 -0.9992794 0.002701044 -0.03776186 -0.9992831 0.002727866 0.08849078 -0.9960659 0.004726052 0.0404818 -0.9991794 -0.001309692 0.2133957 -0.9769582 0.003860712 0.13081 -0.9914025 -0.003153681 0.3349413 -0.9422363 0.002285957 0.2382827 -0.9711939 -0.00193417 0.3429479 -0.9393544 0 -0.3361265 -0.9418149 0.001948356 -0.3349413 -0.9422363 0.002286612 -0.2133919 -0.9769591 0.00386101 -0.2382783 -0.971195 -0.00193566 -0.08849066 -0.9960658 0.004725694 -0.1308102 -0.9914025 -0.003153681 -0.02579385 -0.9996624 -0.003152787 0.03786176 -0.9992666 0.005717933 0.1635645 -0.9865239 0.004156172 0.0940544 -0.9955615 -0.003335595 0.2866994 -0.9580183 0.002162396 0.1963551 -0.9805318 -0.001527905 0.2962867 -0.9550991 0 -0.3197027 -0.9475162 -0.001840531 -0.165959 -0.9861326 3.98189e-4 -0.008022129 -0.9999678 0 -0.1675546 -0.9858628 0 0.1500377 -0.9886803 0 0.3044502 -0.9525283 0 0.1500387 -0.9886801 0 0.4511207 -0.8924629 0 0.3044492 -0.9525287 0 0.5864681 -0.8099724 0 0.4511166 -0.892465 0 0.5864664 -0.8099735 0 0.7071045 -0.7071092 0 0.7071096 -0.707104 0 0.8099734 -0.5864668 0 0.8924629 -0.4511209 0 0.8924643 -0.4511181 0 0.9525282 -0.3044502 0 0.9525293 -0.304447 0 0.9886798 -0.1500414 0 0.9886803 -0.1500379 0 0.9999678 0.008022189 0 0.9999678 0.00802201 0 0.986132 0.1659626 3.9562e-4 0.9858635 0.1675508 -8.20716e-7 0.9475176 0.3196985 -0.001831412 0.952762 -0.3037182 0 0.9580159 -0.2866975 0.00319153 0.9865232 -0.1635654 0.00429058 0.9770808 -0.2128597 -0.002006709 0.9923873 -0.1231449 -0.001734256 0.9992793 -0.03786516 0.002700865 0.9992831 -0.03776156 0.002726435 0.9960658 0.08849072 0.004726648 0.9991794 0.04048502 -0.001309394 0.9769583 0.2133957 0.003860771 0.9914027 0.1308088 -0.003153204 0.9422368 0.3349398 0.002286016 0.9711936 0.2382839 -0.001934885 0.9418227 0.3361045 0.001954674 -0.7965971 0.6045083 0.001662671 -0.8129292 0.5823577 -0.002414941 -0.7324538 -0.6808168 0 -0.7526693 0.6583966 0.001743912 -0.7660802 0.6427419 -0.002060055 -0.7800139 -0.6257608 0.001386046 -0.736943 -0.675953 -0.001642763 -0.7026574 0.7115268 0.001539707 -0.7147524 0.6993752 -0.001830875 -0.821414 -0.5703296 0.00180298 -0.7924501 -0.6099311 -0.002690076 -0.6517093 0.7584688 5.05586e-4 -0.6592245 0.7519446 -0.001566827 -0.6004529 0.79966 -5.50955e-4 -0.8571544 -0.5150576 0.001486063 -0.8420522 -0.5393869 -0.003134071 -0.5998849 0.800086 -7.20871e-4 -0.5434866 0.8394177 6.88831e-4 -0.8908293 -0.4543379 6.15761e-4 -0.537015 0.8435721 -0.001064181 -0.8854001 -0.4648251 -0.002118408 -0.4809029 0.8767734 0.001065015 -0.9215485 -0.3882627 -6.34387e-4 -0.4285528 0.9035165 7.22976e-4 -0.4709986 0.8821329 -0.001373887 -0.946254 -0.3234237 8.16972e-4 -0.9221699 -0.3867835 -0.001061558 -0.38774 0.9217688 3.94961e-4 -0.4023191 0.9154965 -0.002399325 -0.9664226 -0.2569558 0.001081824 -0.9508922 -0.3095224 0 -0.9497551 -0.3129909 -0.001345038 -0.9825779 -0.1858477 0.001237452 -0.9722809 -0.2338117 -0.001360476 -0.9930888 -0.1173608 0.001079797 -0.9876461 -0.1566942 -0.001462221 -0.9969056 -0.07859367 -0.001485347 -0.9986575 -0.05179417 9.15963e-4 -0.9999994 0 -0.001169919 -0.9998441 0.0176444 8.59043e-4 -0.9969061 0.07859784 -9.07743e-4 -0.9959037 0.09041804 5.90755e-4 -0.9872437 0.159217 -2.59421e-4 -0.9738029 0.2273935 2.59587e-4 -0.9876471 0.1566944 -6.1014e-4 -0.9722818 0.2338118 -6.39998e-4 -0.9546341 0.2977731 -0.002250075 -0.9317278 0.3631551 0.001334369 -0.9515634 0.3074516 8.03041e-4 -0.9508922 0.3095224 0 -0.9058282 0.4236415 0.001763343 -0.9240531 0.3822578 -0.002218127 -0.8742334 0.4855006 0.002285003 -0.8921563 0.4517201 -0.002482712 -0.8365539 0.5478799 0.002286136 -0.855035 0.5185647 -0.002452135 0.9393508 -0.3429581 0 0.9422376 -0.3349376 0.002287745 0.9769589 -0.2133932 0.003860533 0.9711961 -0.238274 -0.001934111 0.9960658 -0.08849072 0.004726648 0.9914027 -0.1308088 -0.003153085 0.9996623 -0.02579426 -0.003153085 0.9992666 0.03786319 0.005717337 0.9865239 0.1635651 0.004155218 0.9955615 0.09405398 -0.003335177 0.9580178 0.2867007 0.002162456 0.9805328 0.1963497 -0.001527667 0.9550989 0.2962874 0 0.644512 0.7645943 0 0.6445152 0.7645916 0 0.5058532 0.8626195 0 0.5058547 0.8626188 0 0.3526144 0.9357687 0 0.3526133 0.9357692 0 0.1891451 0.9819492 0 0.02030813 0.9997938 0 -0.1491896 0.9888086 0 0.02030807 0.9997938 0 -0.3143109 0.9493201 0 0.2559646 0.9666802 0.003435254 0.2778659 0.9606199 1.65803e-6 0.1377569 0.9904608 0.003217935 0.2005475 0.9796829 -0.001497864 0.119596 0.9928227 -2.1679e-4 0.01752334 0.9998399 0.003665447 0.03393608 0.999424 2.76555e-4 -0.1029193 0.9946832 0.00359553 -0.04206204 0.999114 -0.0014503 -0.2219104 0.9750634 0.002700388 -0.1308103 0.9914046 -0.002403616 -0.3376814 0.9412593 0.001504361 -0.2382836 0.9711947 -0.001357138 -0.3429479 0.9393544 0 0.4294812 0.9030754 -8.34217e-4 0.5485647 0.8361052 0.002216339 0.484779 0.8746367 5.69757e-6 0.5056558 0.8627343 -0.001392483 0.6571858 0.7537286 -2.95492e-4 0.5792837 0.8151261 2.29513e-4 0.6664931 0.7455113 0 0.1425749 0.9897822 0.001882493 0.1469466 0.989143 0.001680731 0.4158664 0.9094178 -0.003791153 0.1597751 0.9871525 -0.001400589 0.1425741 0.9897818 -0.002155125 0.4158657 0.9094185 0.003718793 0.3675895 0.9299882 0 0.6555827 0.7551235 0 0.8419783 0.5395117 0 0.8419796 0.5395095 0 1.48494e-5 1 1.7194e-5 0 1 -1.2919e-6 -2.07687e-5 1 2.4199e-5 -0.1425744 0.9897812 -0.002390563 -0.1722281 0.9850564 -0.001143574 -0.4158667 0.9094195 0.003308176 -0.1896853 0.9818446 8.33947e-4 -0.1425735 0.9897806 0.002700746 -0.4158667 0.9094195 -0.003308176 -0.3722625 0.9281275 0 -0.6555812 0.7551247 0 -0.6555827 0.7551235 0 -0.841981 0.5395073 0 -0.8419796 0.5395095 0 -0.5361582 0.8441176 6.51714e-6 -0.528813 0.8487378 0.001050889 -0.4827257 0.8757682 -0.002440571 -0.7153177 0.6987993 5.43065e-4 -0.6888046 0.7249463 -0.001092076 -0.8564529 0.5162253 0 -0.8499488 0.5268649 -6.13349e-4 0.2973256 0.6758146 -0.6744421 0.3175051 0.6102148 -0.7258295 1.61061e-7 -0.7622061 -0.6473345 0.005708277 -0.7509569 -0.6603266 -0.3074212 -0.6166742 -0.7247104 -0.4600821 -0.6700189 -0.5825798 -0.6303582 -0.3054882 -0.7136705 -0.6918191 -0.2865669 -0.6627714 -0.7373903 0.09333878 -0.6689869 -0.7411459 0.09758532 -0.6642137 -0.5935173 0.4486678 -0.6681576 -0.6120952 0.5972523 -0.5182946 -0.2890252 0.6558962 -0.6973268 -0.003751516 0.9222792 -0.3865064 -0.06425321 0.7809448 -0.6212865 0.5920999 0.4460719 -0.6711465 0.7394062 0.09314489 -0.6667852 0.7857277 0.1495752 -0.600216 0.6914003 -0.2853817 -0.663719 0.6900481 -0.2858381 -0.6649287 0.4537467 -0.5917279 -0.6663123 0.4541493 -0.5918154 -0.6659603 0.1006451 -0.7431734 -0.6614861 0.09745252 -0.7403599 -0.6651092 -0.2609987 -0.634221 -0.7277662 -0.222314 -0.7045805 -0.6739012 -0.5124094 -0.5594197 -0.6515262 0.6769405 0.5193904 -0.5215221 0.8775049 0.4413829 0.1875268 0.9440422 2.36513e-4 0.3298249 0.8170889 -0.4742475 0.3278035 0.3149783 -0.7603752 0.567995 0.3150182 -0.7640365 0.563038 -0.2459583 -0.9113903 0.329958 0.7607699 0.3151477 0.5673723 0.7545425 0.3090407 0.5789296 0.7742109 -0.32067 0.5456817 0.6548594 -0.5025209 0.564475 0.5157694 -0.3005229 0.8022892 0.11055 -0.8153408 0.5683295 0.1084208 -0.8234264 0.5569686 -0.5027922 -0.6552447 0.5637858 -0.4963077 -0.6514356 0.5738558 0.7585495 0.3141901 0.5708653 0.5735077 0.1570455 0.8040061 0.8304944 0.1093524 0.546188 0.8168726 -0.4691866 0.3355343 0.4714084 -0.8187899 0.3276544 -0.1113713 -0.8458837 -0.5216101 0.05649805 -0.9806293 0.1875479 -0.2717819 -0.6560986 -0.7040378 -0.5193514 -0.6768803 -0.5216391 0.9115325 0.2430435 0.3317203 0.7665504 -0.3175398 0.5581837 0.9344453 -0.1947645 -0.2981257 0.5634399 -0.4323105 -0.7040193 0.5194044 -0.6769494 -0.5214966 0.4413836 -0.8775115 0.1874948 -0.002085924 -0.9420992 0.3353282 -0.5101589 -0.6648732 0.545602 3.42466e-6 -1.50477e-5 -1 -3.66626e-6 -1.61096e-5 -1 -1.45669e-4 -2.45359e-4 -1 1.2255e-4 -1.69254e-4 -1 -6.0671e-5 -1.03461e-4 -1 -5.08539e-6 -1.41751e-5 -1 -1.57532e-4 1.1576e-4 -1 4.74891e-6 -1.32372e-5 -1 4.29686e-5 -8.50062e-5 -1 -4.1485e-5 -1.10093e-4 -1 -1.05021e-5 -3.11255e-5 -1 4.46347e-6 -1.34811e-5 -1 1.34297e-4 5.32649e-5 -1 2.87098e-5 -8.98238e-5 -1 -2.08981e-5 -1.08492e-4 -1 1.47972e-4 -3.45686e-5 -1 -5.74465e-6 -3.41348e-5 -1 -1.26145e-4 5.75886e-6 -1 1.354e-5 -8.92221e-5 -1 -6.73194e-7 -8.39165e-5 -1 6.30104e-6 -4.17623e-5 -1 -9.05157e-7 -4.45623e-5 -1 -7.91117e-5 1.56509e-4 -1 2.52772e-4 1.67839e-4 -1 -2.35356e-5 7.36355e-5 -1 1.08098e-4 2.13854e-4 -1 -6.45821e-4 3.57656e-4 -0.9999998 1.77325e-5 5.54794e-5 -1 -1.04518e-4 1.4435e-4 -1 5.52472e-7 6.88642e-5 -1 -1.11055e-5 7.31803e-5 -1 1.34903e-4 1.86314e-4 -1 1.51751e-4 1.84083e-4 -1 8.53753e-6 5.62583e-5 -1 -4.34111e-7 5.4114e-5 -1 4.59356e-6 2.72949e-5 -1 1.06358e-4 -6.39961e-6 -1 -1.46686e-4 1.46687e-4 -1 -5.8538e-5 2.00795e-4 -1 -7.75463e-5 1.06477e-5 -1 -5.79557e-6 3.44374e-5 -1 1.66712e-4 1.66713e-4 -1 8.39803e-6 2.48896e-5 -1 -1.63931e-4 1.18696e-4 -1 -1.05947e-5 3.14e-5 -1 1.86254e-4 1.34859e-4 -1 8.7298e-6 2.45582e-5 -1 -2.25672e-4 1.14071e-4 -1 -1.41284e-4 2.89688e-4 -1 8.70421e-5 4.39977e-5 -1 2.18437e-4 -1.10814e-4 -1 -5.2462e-6 1.47583e-5 -1 -1.55571e-4 -1.13511e-4 -1 5.52757e-6 2.53065e-5 -1 1.64119e-5 1.2011e-5 -1 -3.6951e-6 1.69167e-5 -1 -7.8283e-6 8.61907e-6 -1 -2.43615e-4 -3.90686e-4 -1 -5.76325e-5 1.84206e-5 -1 9.19549e-5 2.93907e-5 -1 -1.63175e-6 1.83672e-5 -1 8.88654e-7 2.34538e-5 -1 1.64746e-5 3.59854e-6 -1 9.65624e-5 -1.33735e-4 -1 -2.23066e-5 4.87223e-6 -1 -5.44042e-5 -1.0784e-4 -1 1.43745e-5 5.10973e-6 -1 -5.59502e-5 3.97242e-5 -1 -1.72784e-5 6.14199e-6 -1 -3.12122e-5 -2.41489e-6 -1 -5.84321e-5 8.86763e-6 -1 3.17393e-5 1.07093e-5 -1 -4.66755e-5 7.67533e-5 -1 9.13137e-5 1.38576e-5 -1 1.17635e-4 8.49376e-5 -1 -1.75938e-5 5.82512e-6 -1 1.03615e-5 -1.18231e-4 -1 -5.61943e-5 -4.50931e-7 -1 3.53839e-5 5.95485e-6 -1 -3.06988e-5 -1.63309e-4 -1 8.58577e-5 -6.88855e-7 -1 6.28399e-5 1.38307e-4 -1 -2.01366e-5 -3.38886e-6 -1 -5.50447e-5 8.30494e-6 -1 3.78218e-5 3.034e-7 -1 3.69858e-5 -6.2244e-6 -1 -1.85897e-5 -6.27235e-6 -1 -5.99735e-5 -1.21818e-6 -1 -5.47705e-5 -8.53241e-5 -1 3.31785e-5 -1.11947e-5 -1 3.86222e-5 -5.86123e-6 -1 -1.83689e-5 -6.52968e-6 -1 9.38396e-5 3.09561e-4 -1 1.38608e-5 -4.92723e-6 -1 1.76279e-5 -2.37611e-5 -1 -6.18182e-5 -1.19074e-5 -1 -2.1067e-5 -4.60159e-6 -1 -6.12732e-5 -4.18874e-5 -1 1.58888e-5 -3.47045e-6 -1 -1.73609e-5 -1.54228e-6 -1 -2.21742e-5 8.40104e-7 -1 1.05108e-4 -5.27062e-5 -1 1.59157e-4 -5.08705e-5 -1 -5.98801e-5 -2.2564e-5 -1 -1.55245e-4 1.33324e-4 -1 1.54121e-4 -7.79048e-5 -1 -1.49607e-4 -8.7732e-5 -1 1.77349e-4 -7.54308e-5 -1 1.38822e-4 -1.00515e-4 -1 -3.95996e-4 6.66774e-5 -1 -1.35986e-4 -1.1463e-4 -1 1.47231e-4 -1.47231e-4 -1 -3.62649e-7 -2.06917e-5 -1 5.31797e-5 1.03581e-4 -1 3.69841e-7 -2.11023e-5 -1 -5.48853e-5 1.07139e-4 -1 1.71838e-6 -1.66076e-5 -1 5.92168e-6 -1.01683e-5 -1 -1.75248e-6 -1.69371e-5 -1 -8.72401e-6 -6.25767e-6 -1 -1.9026e-4 -2.25708e-4 -1 3.30688e-4 -4.86452e-4 -0.9999998 0.3233317 0.03956806 0.9454581</float_array>
          <technique_common>
            <accessor source="#shape0_001-mesh-normals-array" count="1767" stride="3">
              <param name="X" type="float"/>
              <param name="Y" type="float"/>
              <param name="Z" type="float"/>
            </accessor>
          </technique_common>
        </source>
        <vertices id="shape0_001-mesh-vertices">
          <input semantic="POSITION" source="#shape0_001-mesh-positions"/>
        </vertices>
        <triangles material="SWMaterial-2_001-material" count="1999">
          <input semantic="VERTEX" source="#shape0_001-mesh-vertices" offset="0"/>
          <input semantic="NORMAL" source="#shape0_001-mesh-normals" offset="1"/>
          <p>79 0 0 0 87 0 81 1 83 1 108 1 81 2 108 2 106 2 81 3 106 3 373 3 82 4 81 4 373 4 86 5 1 5 2 5 1 6 381 6 2 6 88 7 86 7 2 7 88 8 2 8 382 8 3 9 14 9 27 9 29 10 11 10 13 10 45 11 12 11 10 11 3 12 30 12 16 12 14 12 3 12 16 12 19 13 32 13 20 13 4 14 18 14 17 14 30 15 5 15 16 15 32 16 36 16 20 16 36 17 21 17 20 17 34 18 39 18 23 18 36 19 37 19 21 19 25 20 23 20 39 20 8 20 25 20 39 20 43 21 46 21 9 21 6 22 60 22 7 22 6 23 43 23 60 23 8 24 26 24 25 24 45 25 10 25 46 25 46 26 10 26 9 26 13 27 67 27 10 27 13 28 68 28 67 28 10 29 12 29 29 29 10 30 67 30 57 30 10 31 57 31 60 31 10 32 29 32 13 32 13 33 11 33 27 33 13 34 15 34 17 34 13 35 14 35 15 35 13 36 27 36 14 36 15 37 14 37 16 37 17 38 15 38 16 38 17 39 16 39 5 39 17 40 5 40 4 40 17 41 18 41 19 41 17 42 24 42 40 42 17 43 19 43 20 43 17 44 20 44 24 44 20 45 21 45 24 45 40 46 35 46 22 46 40 47 24 47 21 47 40 48 21 48 37 48 34 49 59 49 40 49 34 50 40 50 22 50 34 51 44 51 59 51 23 52 25 52 34 52 44 53 34 53 25 53 44 54 25 54 26 54 44 55 7 55 60 55 60 56 51 56 44 56 60 57 9 57 10 57 60 58 43 58 9 58 27 59 11 59 29 59 12 60 45 60 29 60 45 61 47 61 29 61 47 62 41 62 29 62 30 63 3 63 29 63 3 64 27 64 29 64 28 65 30 65 29 65 28 66 29 66 31 66 33 67 18 67 4 67 5 68 30 68 4 68 30 69 28 69 4 69 28 70 31 70 4 70 32 71 19 71 18 71 38 72 32 72 18 72 38 73 18 73 33 73 36 74 32 74 38 74 34 75 22 75 35 75 37 76 36 76 35 76 36 77 38 77 35 77 38 78 33 78 35 78 39 79 34 79 35 79 42 80 39 80 35 80 41 81 42 81 35 81 40 82 37 82 35 82 41 83 35 83 85 83 42 84 8 84 39 84 43 85 6 85 7 85 8 86 42 86 41 86 26 87 8 87 41 87 46 88 43 88 7 88 47 89 46 89 7 89 7 90 44 90 41 90 44 91 26 91 41 91 47 92 7 92 41 92 45 93 46 93 47 93 110 94 90 94 63 94 48 95 110 95 63 95 49 96 48 96 61 96 48 97 63 97 61 97 121 98 49 98 59 98 49 99 61 99 59 99 122 100 91 100 92 100 122 101 92 101 56 101 50 102 122 102 56 102 50 103 56 103 51 103 120 104 50 104 51 104 120 105 51 105 93 105 104 106 52 106 58 106 104 107 58 107 62 107 53 108 104 108 62 108 53 109 62 109 54 109 111 110 53 110 54 110 111 111 54 111 55 111 17 112 55 112 54 112 44 113 56 113 92 113 90 114 55 114 17 114 65 115 57 115 67 115 59 116 44 116 92 116 64 117 57 117 65 117 40 118 90 118 17 118 40 119 63 119 90 119 58 120 13 120 17 120 58 121 68 121 13 121 93 122 57 122 64 122 93 123 60 123 57 123 62 124 58 124 17 124 62 125 17 125 54 125 51 126 60 126 93 126 40 127 59 127 61 127 40 128 61 128 63 128 56 129 44 129 51 129 119 130 64 130 65 130 116 131 119 131 65 131 66 132 116 132 65 132 66 133 65 133 67 133 112 134 66 134 68 134 66 135 67 135 68 135 79 136 69 136 97 136 79 137 89 137 69 137 102 138 0 138 79 138 98 139 69 139 84 139 70 140 98 140 84 140 70 141 84 141 71 141 69 142 89 142 84 142 114 143 70 143 71 143 72 144 99 144 71 144 72 145 71 145 84 145 72 146 84 146 80 146 72 147 80 147 100 147 105 148 72 148 100 148 73 149 103 149 100 149 73 150 100 150 78 150 100 151 80 151 78 151 73 152 78 152 76 152 74 153 73 153 76 153 77 154 75 154 76 154 77 155 76 155 87 155 76 156 78 156 87 156 77 157 87 157 101 157 75 158 77 158 101 158 101 159 0 159 118 159 101 160 87 160 0 160 124 161 0 161 102 161 78 162 80 162 4 162 4 163 80 163 33 163 78 164 4 164 31 164 33 165 80 165 81 165 80 122 84 122 81 122 81 166 84 166 83 166 33 167 81 167 82 167 82 168 83 168 33 168 83 122 84 122 33 122 87 71 78 71 31 71 87 169 31 169 29 169 35 170 33 170 84 170 87 171 29 171 41 171 85 172 35 172 84 172 85 122 84 122 89 122 41 173 1 173 86 173 86 174 88 174 87 174 41 175 86 175 87 175 88 176 94 176 87 176 94 177 95 177 79 177 87 178 94 178 79 178 95 179 41 179 79 179 85 180 89 180 79 180 41 181 85 181 79 181 95 182 1 182 41 182 55 183 90 183 111 183 111 184 90 184 110 184 91 185 121 185 92 185 92 186 121 186 59 186 64 187 119 187 93 187 119 188 120 188 93 188 68 20 58 20 52 20 112 20 68 20 52 20 88 189 382 189 125 189 94 190 88 190 125 190 95 191 94 191 125 191 95 192 125 192 381 192 1 193 95 193 381 193 126 194 96 194 102 194 126 195 102 195 79 195 123 196 126 196 79 196 123 197 79 197 97 197 117 198 123 198 69 198 123 199 97 199 69 199 98 200 117 200 69 200 98 201 70 201 114 201 107 202 114 202 71 202 99 203 107 203 71 203 105 204 99 204 72 204 103 205 105 205 100 205 109 206 103 206 73 206 109 207 73 207 74 207 113 208 109 208 76 208 109 209 74 209 76 209 75 210 113 210 76 210 118 211 75 211 101 211 124 212 118 212 0 212 96 213 124 213 102 213 82 214 373 214 115 214 83 215 82 215 115 215 83 216 115 216 108 216 104 71 53 71 103 71 104 71 103 71 109 71 111 71 103 71 53 71 52 71 104 71 109 71 106 217 99 217 105 217 106 71 105 71 103 71 108 218 99 218 106 218 106 71 103 71 111 71 108 219 107 219 99 219 373 71 106 71 111 71 115 71 107 71 108 71 113 220 52 220 109 220 110 221 115 221 373 221 110 71 373 71 111 71 112 71 52 71 113 71 66 71 112 71 113 71 66 71 113 71 75 71 114 71 107 71 115 71 114 71 115 71 110 71 114 222 110 222 48 222 49 71 114 71 48 71 116 71 66 71 75 71 119 71 116 71 75 71 98 223 114 223 49 223 117 224 98 224 49 224 117 225 49 225 121 225 381 226 119 226 2 226 2 71 119 71 75 71 118 71 2 71 75 71 118 227 382 227 2 227 120 71 119 71 381 71 120 228 381 228 125 228 118 229 125 229 382 229 124 71 125 71 118 71 123 71 121 71 91 71 123 230 91 230 122 230 123 231 117 231 121 231 96 232 122 232 50 232 96 233 50 233 120 233 96 71 125 71 124 71 96 234 120 234 125 234 126 71 123 71 122 71 126 71 122 71 96 71 139 235 140 235 142 235 139 236 142 236 132 236 139 237 132 237 128 237 127 238 139 238 128 238 127 239 128 239 137 239 128 240 132 240 138 240 128 241 138 241 137 241 142 242 133 242 132 242 130 243 131 243 129 243 134 244 136 244 130 244 136 245 131 245 130 245 136 246 129 246 131 246 129 247 134 247 130 247 134 248 138 248 132 248 136 249 134 249 133 249 135 250 138 250 129 250 134 251 132 251 133 251 136 252 135 252 129 252 129 253 138 253 134 253 142 254 136 254 133 254 136 255 142 255 141 255 137 256 136 256 141 256 137 257 135 257 136 257 137 258 138 258 135 258 139 259 127 259 140 259 127 260 141 260 140 260 141 261 127 261 137 261 140 262 141 262 142 262 487 263 147 263 144 263 146 264 145 264 144 264 237 265 240 265 144 265 524 266 526 266 242 266 490 267 238 267 488 267 487 268 144 268 145 268 242 269 526 269 146 269 487 270 145 270 143 270 488 271 238 271 237 271 527 272 145 272 146 272 146 273 526 273 527 273 488 274 237 274 147 274 144 275 240 275 242 275 146 276 144 276 242 276 147 277 237 277 144 277 887 278 885 278 252 278 148 279 252 279 149 279 149 280 252 280 150 280 151 281 150 281 248 281 246 282 248 282 152 282 153 283 152 283 154 283 881 284 155 284 882 284 155 285 154 285 882 285 264 286 970 286 157 286 156 287 264 287 157 287 261 288 157 288 158 288 159 289 260 289 258 289 257 290 258 290 255 290 254 291 160 291 161 291 160 292 255 292 161 292 276 293 163 293 274 293 272 294 164 294 957 294 164 295 274 295 957 295 272 296 957 296 165 296 165 297 957 297 270 297 269 298 270 298 166 298 270 299 957 299 166 299 267 300 166 300 688 300 666 301 866 301 286 301 285 302 286 302 167 302 167 303 286 303 170 303 167 304 170 304 168 304 169 305 170 305 171 305 172 306 171 306 280 306 279 307 173 307 860 307 173 308 280 308 860 308 859 309 279 309 860 309 289 310 858 310 979 310 289 311 979 311 927 311 290 312 289 312 174 312 289 313 927 313 174 313 292 314 290 314 174 314 292 315 174 315 175 315 293 316 292 316 175 316 293 317 175 317 985 317 294 318 293 318 985 318 294 319 985 319 177 319 176 320 294 320 177 320 176 321 177 321 902 321 653 322 897 322 932 322 178 323 653 323 932 323 178 324 932 324 934 324 295 325 178 325 179 325 178 326 934 326 179 326 295 327 179 327 921 327 296 328 295 328 921 328 296 329 921 329 180 329 845 330 296 330 180 330 607 331 906 331 181 331 182 331 607 331 181 331 626 332 182 332 918 332 183 333 626 333 918 333 182 332 181 332 918 332 183 334 918 334 184 334 185 335 956 335 955 335 185 335 810 335 956 335 186 336 955 336 187 336 186 337 185 337 955 337 188 338 187 338 965 338 188 339 186 339 187 339 586 340 965 340 189 340 586 341 188 341 965 341 584 342 189 342 971 342 584 343 586 343 189 343 190 344 971 344 972 344 190 345 584 345 971 345 582 346 972 346 974 346 582 347 190 347 972 347 191 348 648 348 645 348 192 349 645 349 193 349 192 350 191 350 645 350 194 351 193 351 647 351 194 352 192 352 193 352 553 353 647 353 646 353 553 354 194 354 647 354 556 355 646 355 195 355 556 356 553 356 646 356 198 357 195 357 196 357 198 358 556 358 195 358 197 359 198 359 196 359 561 360 197 360 623 360 561 361 198 361 197 361 199 362 623 362 624 362 199 363 561 363 623 363 549 364 624 364 200 364 549 365 199 365 624 365 551 366 200 366 201 366 551 367 549 367 200 367 202 368 551 368 201 368 205 369 202 369 625 369 205 370 551 370 202 370 204 371 625 371 203 371 204 372 205 372 625 372 204 373 815 373 205 373 911 374 203 374 627 374 911 375 204 375 203 375 206 376 627 376 207 376 206 377 911 377 627 377 890 378 207 378 208 378 890 379 206 379 207 379 891 380 208 380 628 380 891 381 628 381 209 381 891 382 890 382 208 382 980 383 209 383 629 383 980 384 891 384 209 384 889 385 629 385 210 385 889 386 980 386 629 386 211 387 210 387 630 387 211 388 889 388 210 388 516 389 630 389 632 389 516 390 211 390 630 390 780 391 211 391 516 391 531 392 632 392 631 392 531 393 516 393 632 393 212 394 631 394 213 394 212 395 531 395 631 395 214 396 213 396 215 396 214 397 212 397 213 397 534 398 215 398 216 398 534 399 214 399 215 399 543 400 534 400 216 400 543 401 216 401 217 401 633 402 543 402 217 402 545 403 543 403 633 403 545 404 633 404 634 404 536 405 545 405 634 405 536 406 634 406 218 406 538 407 536 407 218 407 538 408 218 408 219 408 529 409 538 409 219 409 529 410 219 410 220 410 542 411 220 411 221 411 542 412 529 412 220 412 763 413 221 413 636 413 763 414 542 414 221 414 637 415 763 415 636 415 222 416 637 416 223 416 222 417 763 417 637 417 222 418 924 418 763 418 930 419 222 419 223 419 930 420 223 420 638 420 303 421 224 421 225 421 931 422 638 422 224 422 931 423 930 423 638 423 226 424 225 424 224 424 227 425 225 425 226 425 228 426 231 426 229 426 228 427 229 427 227 427 228 428 227 428 226 428 929 429 931 429 224 429 929 430 224 430 303 430 929 431 303 431 302 431 929 432 302 432 300 432 230 433 299 433 231 433 230 434 929 434 300 434 230 435 231 435 228 435 230 436 300 436 299 436 928 437 230 437 228 437 928 438 228 438 232 438 926 439 928 439 232 439 926 440 232 440 640 440 233 441 926 441 640 441 233 442 640 442 639 442 490 443 233 443 639 443 490 444 639 444 234 444 490 445 234 445 236 445 235 446 233 446 490 446 238 447 490 447 236 447 238 448 236 448 239 448 237 449 239 449 641 449 237 450 238 450 239 450 240 451 641 451 643 451 240 452 237 452 641 452 642 453 240 453 643 453 242 454 642 454 644 454 242 455 240 455 642 455 524 456 644 456 241 456 524 457 242 457 644 457 881 458 243 458 308 458 155 459 881 459 308 459 154 460 155 460 244 460 155 461 308 461 244 461 153 462 154 462 309 462 154 463 244 463 309 463 152 464 153 464 245 464 153 465 309 465 245 465 246 466 152 466 310 466 152 467 245 467 310 467 248 468 246 468 247 468 246 469 310 469 247 469 151 470 248 470 249 470 248 471 247 471 249 471 150 472 151 472 250 472 151 473 249 473 250 473 149 474 150 474 311 474 150 475 250 475 311 475 148 476 149 476 251 476 149 477 311 477 251 477 252 478 148 478 312 478 148 479 251 479 312 479 887 480 252 480 696 480 252 481 312 481 696 481 254 482 161 482 253 482 160 483 254 483 317 483 254 484 253 484 317 484 255 485 160 485 256 485 160 486 317 486 256 486 257 487 255 487 318 487 255 488 256 488 318 488 258 489 257 489 319 489 257 490 318 490 319 490 258 491 319 491 259 491 159 492 258 492 320 492 258 493 259 493 320 493 260 494 159 494 416 494 159 495 320 495 416 495 158 496 260 496 262 496 260 497 416 497 262 497 157 498 261 498 263 498 261 499 158 499 263 499 158 500 262 500 263 500 156 501 157 501 266 501 157 502 263 502 266 502 264 503 156 503 265 503 156 504 266 504 265 504 264 505 265 505 417 505 267 506 688 506 268 506 166 507 267 507 321 507 267 508 268 508 321 508 269 509 166 509 322 509 166 510 321 510 322 510 270 511 269 511 323 511 269 512 322 512 323 512 165 513 270 513 271 513 270 514 323 514 271 514 272 515 165 515 324 515 165 516 271 516 324 516 164 517 272 517 325 517 272 518 324 518 325 518 274 519 164 519 326 519 164 520 325 520 326 520 274 521 326 521 275 521 276 522 274 522 273 522 274 523 275 523 273 523 163 524 276 524 277 524 276 525 273 525 277 525 162 526 163 526 327 526 163 527 277 527 327 527 681 528 162 528 679 528 162 529 327 529 679 529 859 530 278 530 328 530 279 530 859 530 328 530 173 531 279 531 329 531 279 532 328 532 329 532 280 533 173 533 281 533 173 534 329 534 281 534 172 535 280 535 330 535 280 536 281 536 330 536 171 537 172 537 282 537 172 538 330 538 282 538 169 539 171 539 331 539 171 540 282 540 331 540 170 541 169 541 283 541 169 542 331 542 283 542 168 543 170 543 332 543 170 544 283 544 332 544 167 545 168 545 333 545 168 546 332 546 333 546 285 547 167 547 284 547 167 548 333 548 284 548 286 549 285 549 287 549 285 550 284 550 287 550 666 551 286 551 288 551 286 552 287 552 288 552 399 553 858 553 289 553 400 554 399 554 289 554 400 555 289 555 290 555 291 556 400 556 290 556 291 557 290 557 292 557 401 558 291 558 293 558 291 559 292 559 293 559 402 560 401 560 294 560 401 561 293 561 294 561 402 562 294 562 176 562 661 563 402 563 176 563 652 564 653 564 178 564 394 565 652 565 178 565 395 566 394 566 295 566 394 567 178 567 295 567 396 568 395 568 296 568 395 569 295 569 296 569 396 570 296 570 845 570 594 571 838 571 297 571 372 572 594 572 297 572 298 573 229 573 231 573 298 574 231 574 299 574 301 575 298 575 299 575 301 576 299 576 300 576 301 577 300 577 302 577 567 578 301 578 302 578 567 579 302 579 303 579 567 580 303 580 225 580 759 581 356 581 304 581 751 582 304 582 357 582 751 583 759 583 304 583 750 584 751 584 357 584 305 585 750 585 357 585 306 586 357 586 359 586 306 587 305 587 357 587 749 588 306 588 359 588 307 589 359 589 476 589 307 590 749 590 359 590 475 591 307 591 476 591 308 592 243 592 309 592 308 593 309 593 244 593 310 594 245 594 247 594 245 595 309 595 247 595 250 596 249 596 311 596 249 597 247 597 311 597 251 598 311 598 312 598 312 599 311 599 696 599 421 600 690 600 314 600 421 601 314 601 313 601 695 602 314 602 315 602 316 603 315 603 317 603 316 604 317 604 253 604 256 605 317 605 318 605 318 606 317 606 319 606 259 607 319 607 320 607 321 608 268 608 323 608 321 609 323 609 322 609 324 610 271 610 325 610 271 611 323 611 325 611 275 612 326 612 273 612 326 613 325 613 273 613 277 614 273 614 327 614 327 615 273 615 679 615 328 616 278 616 329 616 330 617 281 617 329 617 282 618 330 618 331 618 330 619 329 619 331 619 283 620 331 620 332 620 333 621 332 621 284 621 287 622 284 622 288 622 288 623 284 623 667 623 334 624 336 624 382 624 334 625 382 625 381 625 342 626 373 626 370 626 335 627 370 627 108 627 335 628 342 628 370 628 341 629 342 629 335 629 337 630 376 630 348 630 337 631 348 631 340 631 350 632 340 632 369 632 339 633 386 633 338 633 343 634 345 634 344 634 337 635 340 635 345 635 337 122 345 122 339 122 298 636 301 636 567 636 340 637 371 637 375 637 340 638 375 638 345 638 345 639 375 639 344 639 345 640 343 640 346 640 343 641 344 641 346 641 339 642 345 642 347 642 345 643 346 643 347 643 339 644 347 644 386 644 339 645 338 645 384 645 338 646 386 646 384 646 337 647 339 647 384 647 380 648 337 648 384 648 337 649 380 649 376 649 340 650 348 650 349 650 348 651 376 651 349 651 340 652 349 652 374 652 340 653 374 653 369 653 340 654 350 654 371 654 350 655 369 655 371 655 341 656 335 656 108 656 342 657 341 657 108 657 342 658 108 658 373 658 336 659 334 659 385 659 334 660 381 660 385 660 336 661 385 661 382 661 412 662 409 662 439 662 456 663 351 663 452 663 452 664 351 664 445 664 412 665 439 665 353 665 452 666 445 666 273 666 464 667 452 667 273 667 686 668 412 668 353 668 273 669 445 669 679 669 464 670 273 670 325 670 352 671 355 671 354 671 445 672 443 672 679 672 686 673 353 673 437 673 355 674 323 674 354 674 679 675 443 675 409 675 323 676 268 676 433 676 354 677 323 677 433 677 686 678 437 678 435 678 268 679 686 679 435 679 464 680 325 680 323 680 433 681 268 681 435 681 355 682 464 682 323 682 409 683 443 683 439 683 356 684 143 684 145 684 359 685 317 685 476 685 145 686 527 686 262 686 262 687 527 687 265 687 356 688 145 688 262 688 304 689 356 689 262 689 357 690 304 690 262 690 317 691 315 691 477 691 357 692 262 692 319 692 476 693 317 693 477 693 265 694 527 694 418 694 520 695 470 695 472 695 470 696 474 696 472 696 690 697 520 697 472 697 315 698 314 698 480 698 477 699 315 699 480 699 690 700 472 700 358 700 357 701 319 701 359 701 314 702 690 702 358 702 480 703 314 703 358 703 359 704 319 704 317 704 527 705 520 705 690 705 418 706 527 706 690 706 364 707 309 707 361 707 704 708 698 708 360 708 309 709 243 709 361 709 499 710 498 710 311 710 504 711 499 711 311 711 510 20 508 20 360 20 508 20 533 20 360 20 361 712 243 712 363 712 704 713 360 713 362 713 426 714 704 714 362 714 311 715 498 715 696 715 504 716 311 716 247 716 243 717 426 717 363 717 363 718 426 718 362 718 498 719 495 719 696 719 363 720 362 720 365 720 364 721 504 721 247 721 696 722 495 722 698 722 495 723 510 723 698 723 365 724 362 724 491 724 698 725 510 725 360 725 364 726 247 726 309 726 667 727 367 727 406 727 331 728 329 728 565 728 406 729 367 729 579 729 585 730 284 730 332 730 671 731 406 731 579 731 585 732 583 732 284 732 565 733 329 733 559 733 569 734 575 734 565 734 575 735 573 735 565 735 329 736 677 736 559 736 671 737 579 737 577 737 587 738 585 738 331 738 585 739 332 739 331 739 677 740 674 740 559 740 583 741 367 741 667 741 674 742 671 742 366 742 284 743 583 743 667 743 671 744 577 744 366 744 559 745 674 745 366 745 366 746 577 746 589 746 366 747 589 747 552 747 573 748 587 748 331 748 573 749 331 749 565 749 597 750 368 750 369 750 369 751 368 751 371 751 597 752 369 752 374 752 368 753 594 753 370 753 370 754 594 754 108 754 371 755 368 755 370 755 594 122 372 122 108 122 371 756 370 756 373 756 597 757 374 757 377 757 377 758 374 758 349 758 373 122 108 122 375 122 377 759 349 759 376 759 108 122 372 122 378 122 375 122 108 122 378 122 344 760 375 760 378 760 383 761 377 761 376 761 344 762 378 762 379 762 383 763 376 763 380 763 346 764 344 764 379 764 382 765 380 765 381 765 383 766 380 766 382 766 383 767 382 767 599 767 385 768 381 768 384 768 599 769 382 769 389 769 382 770 385 770 389 770 386 771 347 771 393 771 347 772 346 772 393 772 346 773 379 773 393 773 386 774 393 774 387 774 384 775 386 775 387 775 389 776 385 776 387 776 385 777 384 777 387 777 381 122 380 122 384 122 373 122 375 122 371 122 378 778 372 778 388 778 372 779 297 779 388 779 389 780 387 780 602 780 830 781 389 781 602 781 393 782 392 782 390 782 387 783 393 783 390 783 387 784 390 784 602 784 379 785 391 785 393 785 391 12 392 12 393 12 379 786 378 786 388 786 379 787 388 787 391 787 398 788 652 788 394 788 398 789 394 789 395 789 398 790 395 790 396 790 398 791 396 791 397 791 398 792 397 792 655 792 398 793 655 793 656 793 398 794 658 794 660 794 398 795 660 795 650 795 398 796 650 796 652 796 663 797 399 797 400 797 663 798 400 798 291 798 663 799 291 799 401 799 663 800 401 800 402 800 663 801 402 801 661 801 663 802 661 802 403 802 663 803 403 803 662 803 663 804 665 804 399 804 404 805 667 805 668 805 668 806 667 806 406 806 405 807 406 807 671 807 675 808 672 808 671 808 675 809 671 809 674 809 407 810 674 810 677 810 278 811 677 811 329 811 680 812 679 812 409 812 680 813 409 813 408 813 411 814 410 814 412 814 410 815 409 815 412 815 413 816 684 816 686 816 684 817 412 817 686 817 414 818 686 818 415 818 415 819 686 819 268 819 320 820 319 820 262 820 320 821 262 821 416 821 263 822 262 822 266 822 266 823 262 823 265 823 417 824 265 824 418 824 417 825 418 825 689 825 419 826 418 826 420 826 420 827 418 827 690 827 697 828 696 828 698 828 697 829 698 829 422 829 423 830 699 830 704 830 699 831 698 831 704 831 425 832 424 832 426 832 424 833 704 833 426 833 707 834 426 834 708 834 708 835 426 835 243 835 715 836 445 836 351 836 427 837 715 837 351 837 428 838 427 838 351 838 428 839 351 839 711 839 711 840 351 840 456 840 429 841 711 841 456 841 429 842 456 842 457 842 457 843 430 843 429 843 431 844 430 844 457 844 431 845 457 845 432 845 432 846 714 846 431 846 727 847 354 847 433 847 726 848 433 848 435 848 726 849 727 849 433 849 434 850 726 850 435 850 723 851 435 851 437 851 723 852 434 852 435 852 436 853 723 853 437 853 721 854 437 854 353 854 721 855 436 855 437 855 438 856 721 856 353 856 720 857 353 857 439 857 720 858 438 858 353 858 440 859 720 859 439 859 441 860 439 860 443 860 441 861 440 861 439 861 442 862 441 862 443 862 717 863 443 863 445 863 717 864 442 864 443 864 444 865 717 865 445 865 715 866 444 866 445 866 446 867 355 867 352 867 734 868 446 868 352 868 735 869 734 869 354 869 734 870 352 870 354 870 735 871 354 871 727 871 455 872 355 872 446 872 455 873 446 873 733 873 447 874 455 874 733 874 447 875 733 875 448 875 447 876 448 876 730 876 447 877 730 877 451 877 449 878 451 878 730 878 451 879 449 879 806 879 469 880 793 880 450 880 452 881 453 881 456 881 450 882 793 882 458 882 450 883 458 883 432 883 461 884 807 884 459 884 447 885 461 885 454 885 455 886 447 886 454 886 461 887 459 887 454 887 450 888 432 888 457 888 453 889 450 889 457 889 456 890 453 890 457 890 455 891 454 891 355 891 432 892 458 892 460 892 807 893 808 893 459 893 808 894 463 894 465 894 459 895 808 895 465 895 432 896 460 896 714 896 447 897 451 897 461 897 807 898 461 898 451 898 459 899 465 899 462 899 454 900 459 900 462 900 454 901 462 901 355 901 355 902 462 902 464 902 465 903 463 903 788 903 462 904 465 904 468 904 464 905 462 905 468 905 788 906 466 906 467 906 465 907 788 907 467 907 468 908 465 908 467 908 452 909 464 909 468 909 467 910 466 910 469 910 468 911 467 911 453 911 453 912 467 912 450 912 467 913 469 913 450 913 452 914 468 914 453 914 471 915 742 915 525 915 470 916 740 916 739 916 470 917 517 917 740 917 517 918 742 918 740 918 517 919 525 919 742 919 471 920 525 920 795 920 473 921 482 921 472 921 737 922 473 922 474 922 473 923 472 923 474 923 737 924 474 924 739 924 739 925 474 925 470 925 475 926 476 926 477 926 746 927 475 927 477 927 478 928 477 928 480 928 478 929 746 929 477 929 479 930 478 930 480 930 744 931 480 931 358 931 744 932 479 932 480 932 481 933 744 933 358 933 483 934 481 934 358 934 482 935 358 935 472 935 482 936 483 936 358 936 484 937 143 937 356 937 757 938 484 938 356 938 758 939 757 939 356 939 758 940 356 940 759 940 487 941 143 941 484 941 487 942 484 942 485 942 147 943 485 943 486 943 147 944 487 944 485 944 488 945 486 945 754 945 488 946 147 946 486 946 489 947 488 947 754 947 488 948 489 948 490 948 493 949 762 949 542 949 491 950 492 950 494 950 491 951 540 951 492 951 540 952 762 952 492 952 540 953 542 953 762 953 493 954 542 954 763 954 764 955 363 955 365 955 760 956 764 956 365 956 761 957 760 957 365 957 761 958 365 958 494 958 494 959 365 959 491 959 779 960 510 960 495 960 497 961 495 961 498 961 497 962 779 962 495 962 496 963 497 963 498 963 774 964 498 964 499 964 774 965 496 965 498 965 500 966 774 966 499 966 501 967 499 967 504 967 501 968 500 968 499 968 503 969 501 969 504 969 502 970 504 970 364 970 502 971 503 971 504 971 771 972 502 972 364 972 505 973 364 973 361 973 505 974 771 974 364 974 506 975 505 975 361 975 769 976 361 976 363 976 769 977 506 977 361 977 507 978 769 978 363 978 764 979 507 979 363 979 783 980 533 980 508 980 784 981 783 981 508 981 509 982 784 982 510 982 784 983 508 983 510 983 509 984 510 984 779 984 546 985 533 985 783 985 546 986 783 986 511 986 514 987 546 987 511 987 514 988 511 988 512 988 514 989 512 989 513 989 514 990 513 990 515 990 470 991 520 991 517 991 523 992 519 992 525 992 517 993 523 993 525 993 525 994 519 994 795 994 522 995 523 995 518 995 526 996 524 996 521 996 521 997 522 997 518 997 518 998 517 998 520 998 527 999 526 999 520 999 526 1000 521 1000 528 1000 518 1001 523 1001 517 1001 518 1002 520 1002 528 1002 528 1003 521 1003 518 1003 520 1004 526 1004 528 1004 544 1005 537 1005 547 1005 539 1006 362 1006 547 1006 541 1007 529 1007 542 1007 544 1008 547 1008 530 1008 547 1009 535 1009 530 1009 537 1010 539 1010 547 1010 516 1011 531 1011 515 1011 531 1012 212 1012 546 1012 212 1013 214 1013 532 1013 546 1014 212 1014 532 1014 546 1015 360 1015 533 1015 546 1016 532 1016 360 1016 532 1017 214 1017 534 1017 532 1018 534 1018 535 1018 360 1019 532 1019 535 1019 535 1020 534 1020 530 1020 534 1021 543 1021 530 1021 536 1022 538 1022 537 1022 537 1023 538 1023 539 1023 362 1024 539 1024 491 1024 538 1025 529 1025 541 1025 539 1026 538 1026 541 1026 539 1027 541 1027 540 1027 539 1028 540 1028 491 1028 514 1029 515 1029 546 1029 543 1030 545 1030 544 1030 530 1031 543 1031 544 1031 545 1032 536 1032 544 1032 544 1033 536 1033 537 1033 542 1034 540 1034 541 1034 515 1035 531 1035 546 1035 362 1036 360 1036 547 1036 360 1037 535 1037 547 1037 563 1038 548 1038 566 1038 566 1039 565 1039 569 1039 549 1040 551 1040 548 1040 824 1041 191 1041 550 1041 191 1042 192 1042 550 1042 551 1043 205 1043 571 1043 566 1044 548 1044 571 1044 824 1045 550 1045 554 1045 192 1046 194 1046 550 1046 548 1047 551 1047 571 1047 366 1048 552 1048 554 1048 194 1049 553 1049 555 1049 550 1050 194 1050 555 1050 554 1051 550 1051 555 1051 554 1052 555 1052 557 1052 554 1053 557 1053 366 1053 553 1054 556 1054 555 1054 555 1055 556 1055 558 1055 557 1056 555 1056 558 1056 557 1057 558 1057 559 1057 366 1058 557 1058 559 1058 558 1059 556 1059 198 1059 558 1060 198 1060 560 1060 559 1061 558 1061 560 1061 198 1062 561 1062 562 1062 560 1063 198 1063 562 1063 565 1064 559 1064 560 1064 565 1065 560 1065 564 1065 560 1066 562 1066 564 1066 562 1067 561 1067 563 1067 562 1068 563 1068 564 1068 561 1069 199 1069 563 1069 564 1070 563 1070 566 1070 565 1071 564 1071 566 1071 199 1072 549 1072 563 1072 563 1073 549 1073 548 1073 567 1074 225 1074 227 1074 298 1075 567 1075 227 1075 298 1076 227 1076 229 1076 572 1077 814 1077 571 1077 570 1078 568 1078 576 1078 570 1079 576 1079 569 1079 570 1080 569 1080 566 1080 570 1081 566 1081 568 1081 571 1082 814 1082 568 1082 571 1083 568 1083 566 1083 572 1084 571 1084 205 1084 811 1085 810 1085 573 1085 574 1086 811 1086 575 1086 811 1087 573 1087 575 1087 574 1088 575 1088 576 1088 576 1089 575 1089 569 1089 578 1090 590 1090 577 1090 821 1091 577 1091 579 1091 821 1092 578 1092 577 1092 580 1093 821 1093 579 1093 818 1094 579 1094 367 1094 818 1095 580 1095 579 1095 816 1096 818 1096 367 1096 581 1097 816 1097 367 1097 582 1098 367 1098 583 1098 582 1099 581 1099 367 1099 190 1100 582 1100 583 1100 584 1101 583 1101 585 1101 584 1102 190 1102 583 1102 586 1103 584 1103 585 1103 188 1104 585 1104 587 1104 188 1105 586 1105 585 1105 186 1106 188 1106 587 1106 185 1107 186 1107 587 1107 810 1108 587 1108 573 1108 810 1109 185 1109 587 1109 827 1110 552 1110 589 1110 588 1111 827 1111 589 1111 828 1112 588 1112 589 1112 828 1113 589 1113 590 1113 590 1114 589 1114 577 1114 554 1115 552 1115 827 1115 825 1116 554 1116 827 1116 591 1117 554 1117 825 1117 591 1118 824 1118 554 1118 592 1119 824 1119 591 1119 389 1120 830 1120 834 1120 599 1121 389 1121 834 1121 599 1122 834 1122 593 1122 594 1123 368 1123 595 1123 601 1124 594 1124 595 1124 597 1125 596 1125 595 1125 368 1126 597 1126 595 1126 377 1127 598 1127 597 1127 598 1128 596 1128 597 1128 377 1129 383 1129 600 1129 377 1130 600 1130 598 1130 383 1131 599 1131 600 1131 599 1132 593 1132 600 1132 594 1133 601 1133 838 1133 603 1134 830 1134 602 1134 390 122 603 122 602 122 392 1135 603 1135 390 1135 605 1136 391 1136 388 1136 605 1137 388 1137 297 1137 605 122 603 122 391 122 391 122 603 122 392 122 607 20 605 20 604 20 605 1138 606 1138 604 1138 607 20 604 20 608 20 635 1139 607 1139 608 1139 608 1140 843 1140 635 1140 609 1141 241 1141 635 1141 786 20 609 20 635 20 789 20 786 20 635 20 794 20 789 20 635 20 610 20 794 20 635 20 796 20 610 20 635 20 797 1142 796 1142 635 1142 611 1143 797 1143 635 1143 612 20 611 20 635 20 800 20 612 20 635 20 802 20 800 20 635 20 803 1144 802 1144 635 1144 614 1145 803 1145 635 1145 613 20 614 20 635 20 615 20 613 20 635 20 805 20 615 20 635 20 616 20 805 20 635 20 617 20 835 20 619 20 618 1146 616 1146 635 1146 183 20 617 20 619 20 809 20 618 20 635 20 785 20 809 20 635 20 620 20 785 20 635 20 787 1147 620 1147 635 1147 790 1148 787 1148 635 1148 621 20 790 20 635 20 791 20 621 20 635 20 792 20 791 20 635 20 622 20 792 20 635 20 798 20 622 20 635 20 843 20 798 20 635 20 197 20 196 20 635 20 623 20 197 20 635 20 624 20 623 20 635 20 200 1149 624 1149 635 1149 183 1150 619 1150 603 1150 201 20 200 20 635 20 607 20 182 20 603 20 202 1151 201 1151 635 1151 182 1152 626 1152 603 1152 625 20 202 20 635 20 626 20 183 20 603 20 203 1153 625 1153 635 1153 627 20 203 20 635 20 207 20 627 20 635 20 208 20 207 20 635 20 628 20 208 20 635 20 209 1154 628 1154 635 1154 629 20 209 20 635 20 210 20 629 20 635 20 630 1155 210 1155 635 1155 632 1156 630 1156 635 1156 631 1157 632 1157 635 1157 213 20 631 20 635 20 215 20 213 20 635 20 216 20 215 20 635 20 217 20 216 20 635 20 633 20 217 20 635 20 634 1158 633 1158 635 1158 218 20 634 20 635 20 219 1159 218 1159 635 1159 220 20 219 20 635 20 221 1160 220 1160 635 1160 636 20 221 20 635 20 637 20 636 20 635 20 223 20 637 20 635 20 638 20 223 20 635 20 224 1161 638 1161 635 1161 226 1162 224 1162 635 1162 228 20 226 20 635 20 232 20 228 20 635 20 640 1163 232 1163 635 1163 639 20 640 20 635 20 234 20 639 20 635 20 236 20 234 20 635 20 239 20 236 20 635 20 641 20 239 20 635 20 643 20 641 20 635 20 642 20 643 20 635 20 644 20 642 20 635 20 241 20 644 20 635 20 645 1164 648 1164 635 1164 193 20 645 20 635 20 647 1165 193 1165 635 1165 646 20 647 20 635 20 195 1166 646 1166 635 1166 196 20 195 20 635 20 648 1167 829 1167 635 1167 607 20 603 20 605 20 837 20 840 20 649 20 837 20 649 20 606 20 605 20 837 20 606 20 652 1168 650 1168 653 1168 650 1169 651 1169 653 1169 845 1170 654 1170 396 1170 654 1171 397 1171 396 1171 655 1172 397 1172 846 1172 397 1173 654 1173 846 1173 656 1174 655 1174 846 1174 656 1175 846 1175 849 1175 398 1176 656 1176 849 1176 398 1177 849 1177 657 1177 658 1178 398 1178 659 1178 398 1179 657 1179 659 1179 660 1180 658 1180 851 1180 658 1181 659 1181 851 1181 851 1182 651 1182 660 1182 651 1183 650 1183 660 1183 661 1184 176 1184 852 1184 403 1185 661 1185 852 1185 403 1186 852 1186 853 1186 662 1187 403 1187 853 1187 662 1188 853 1188 854 1188 663 1189 662 1189 664 1189 662 1190 854 1190 664 1190 663 1191 664 1191 856 1191 665 1192 663 1192 856 1192 665 1193 856 1193 858 1193 399 1194 665 1194 858 1194 666 1195 288 1195 667 1195 866 1196 666 1196 667 1196 864 1197 866 1197 404 1197 866 1198 667 1198 404 1198 865 1199 864 1199 668 1199 864 1200 404 1200 668 1200 669 1201 865 1201 406 1201 865 1202 668 1202 406 1202 862 1203 669 1203 405 1203 669 1204 406 1204 405 1204 863 1205 862 1205 671 1205 862 1206 405 1206 671 1206 670 1207 863 1207 672 1207 863 1208 671 1208 672 1208 673 1209 670 1209 675 1209 670 1210 672 1210 675 1210 861 1211 673 1211 674 1211 673 1212 675 1212 674 1212 676 1213 861 1213 407 1213 861 1214 674 1214 407 1214 678 1215 676 1215 677 1215 676 1216 407 1216 677 1216 859 1217 678 1217 278 1217 678 1218 677 1218 278 1218 681 1219 679 1219 680 1219 873 1220 681 1220 680 1220 682 1221 873 1221 408 1221 873 1222 680 1222 408 1222 872 1223 682 1223 409 1223 682 1224 408 1224 409 1224 871 1225 872 1225 410 1225 872 1226 409 1226 410 1226 869 1227 871 1227 411 1227 871 1228 410 1228 411 1228 870 1229 869 1229 412 1229 869 1230 411 1230 412 1230 683 1231 870 1231 684 1231 870 1232 412 1232 684 1232 868 1233 683 1233 413 1233 683 1234 684 1234 413 1234 685 1235 867 1235 686 1235 867 1236 868 1236 686 1236 868 1237 413 1237 686 1237 687 1238 685 1238 414 1238 685 1239 686 1239 414 1239 688 1240 687 1240 415 1240 687 1241 414 1241 415 1241 688 1242 415 1242 268 1242 264 1243 417 1243 689 1243 878 1244 880 1244 689 1244 880 1245 264 1245 689 1245 879 1246 878 1246 418 1246 878 1247 689 1247 418 1247 876 1248 879 1248 419 1248 879 1249 418 1249 419 1249 877 1250 876 1250 420 1250 876 1251 419 1251 420 1251 875 1252 877 1252 690 1252 877 1253 420 1253 690 1253 692 1254 875 1254 421 1254 875 1255 690 1255 421 1255 691 1256 692 1256 313 1256 692 1257 421 1257 313 1257 874 1258 691 1258 314 1258 691 1259 313 1259 314 1259 694 1260 874 1260 695 1260 874 1261 314 1261 695 1261 693 1262 694 1262 315 1262 694 1263 695 1263 315 1263 161 1264 693 1264 316 1264 693 1265 315 1265 316 1265 161 1266 316 1266 253 1266 887 1267 696 1267 697 1267 886 1268 887 1268 697 1268 885 1269 886 1269 422 1269 886 1270 697 1270 422 1270 884 1271 885 1271 698 1271 885 1272 422 1272 698 1272 701 1273 884 1273 699 1273 884 1274 698 1274 699 1274 700 1275 701 1275 423 1275 701 1276 699 1276 423 1276 703 1277 700 1277 704 1277 700 1278 423 1278 704 1278 702 1279 703 1279 424 1279 703 1280 704 1280 424 1280 883 1281 702 1281 425 1281 702 1282 424 1282 425 1282 706 1283 883 1283 426 1283 883 1284 425 1284 426 1284 882 1285 705 1285 707 1285 705 1286 706 1286 707 1286 706 1287 426 1287 707 1287 881 1288 882 1288 708 1288 882 1289 707 1289 708 1289 881 1290 708 1290 243 1290 709 1291 715 1291 427 1291 898 1292 709 1292 427 1292 895 1293 898 1293 428 1293 898 1294 427 1294 428 1294 710 1295 895 1295 711 1295 895 1296 428 1296 711 1296 978 1297 710 1297 429 1297 710 1298 711 1298 429 1298 713 1299 978 1299 430 1299 978 1300 429 1300 430 1300 712 1301 713 1301 431 1301 713 1302 430 1302 431 1302 712 1303 431 1303 714 1303 715 1304 709 1304 903 1304 715 1305 903 1305 716 1305 444 1306 716 1306 719 1306 444 1307 715 1307 716 1307 717 1308 719 1308 718 1308 717 1306 444 1306 719 1306 442 1309 718 1309 900 1309 442 1310 717 1310 718 1310 441 1311 442 1311 900 1311 440 1312 900 1312 896 1312 440 1313 441 1313 900 1313 720 1314 896 1314 975 1314 720 1315 440 1315 896 1315 438 1316 975 1316 722 1316 438 1317 720 1317 975 1317 721 1318 722 1318 973 1318 721 1318 438 1318 722 1318 436 1319 973 1319 968 1319 436 1320 721 1320 973 1320 723 1321 968 1321 724 1321 723 1322 436 1322 968 1322 434 1323 724 1323 725 1323 434 1324 723 1324 724 1324 726 1325 725 1325 961 1325 726 1325 434 1325 725 1325 727 1326 961 1326 958 1326 727 1327 726 1327 961 1327 727 1328 958 1328 954 1328 728 1329 806 1329 449 1329 729 1330 728 1330 449 1330 732 1331 729 1331 730 1331 729 1332 449 1332 730 1332 732 1333 730 1333 448 1333 731 1334 732 1334 733 1334 732 1335 448 1335 733 1335 953 1336 731 1336 446 1336 731 1337 733 1337 446 1337 950 1338 953 1338 734 1338 953 1339 446 1339 734 1339 954 1340 950 1340 735 1340 950 1341 734 1341 735 1341 954 1342 735 1342 727 1342 743 1343 482 1343 473 1343 736 1344 743 1344 473 1344 738 1345 736 1345 737 1345 736 1346 473 1346 737 1346 969 1347 738 1347 739 1347 738 1348 737 1348 739 1348 969 1349 739 1349 740 1349 741 1350 969 1350 740 1350 894 1351 741 1351 742 1351 741 1352 740 1352 742 1352 892 1353 894 1353 471 1353 894 1354 742 1354 471 1354 892 1355 471 1355 795 1355 482 1356 743 1356 960 1356 483 1357 960 1357 962 1357 483 1358 482 1358 960 1358 481 1359 962 1359 959 1359 481 1360 483 1360 962 1360 744 1361 959 1361 946 1361 744 1362 481 1362 959 1362 479 1363 946 1363 745 1363 479 1364 744 1364 946 1364 478 1365 745 1365 747 1365 478 1366 479 1366 745 1366 746 1367 747 1367 935 1367 746 1368 478 1368 747 1368 475 1369 935 1369 748 1369 475 1370 746 1370 935 1370 307 1371 748 1371 912 1371 307 1372 475 1372 748 1372 749 1373 912 1373 907 1373 749 1374 307 1374 912 1374 306 1375 907 1375 908 1375 306 1376 749 1376 907 1376 305 1377 908 1377 915 1377 305 1378 306 1378 908 1378 750 1379 915 1379 933 1379 750 1380 305 1380 915 1380 751 1381 933 1381 940 1381 751 1382 750 1382 933 1382 759 1383 940 1383 756 1383 759 1384 751 1384 940 1384 235 1385 490 1385 489 1385 752 1386 235 1386 489 1386 753 1387 752 1387 754 1387 752 1388 489 1388 754 1388 753 1389 754 1389 486 1389 755 1390 753 1390 485 1390 753 1391 486 1391 485 1391 947 1392 755 1392 484 1392 755 1393 485 1393 484 1393 944 1394 947 1394 757 1394 947 1395 484 1395 757 1395 756 1396 944 1396 758 1396 944 1397 757 1397 758 1397 756 1398 758 1398 759 1398 765 1399 764 1399 760 1399 945 1400 765 1400 760 1400 951 1401 945 1401 761 1401 945 1402 760 1402 761 1402 948 1403 951 1403 494 1403 951 1404 761 1404 494 1404 948 1405 494 1405 492 1405 949 1406 948 1406 492 1406 925 1407 949 1407 762 1407 949 1408 492 1408 762 1408 924 1409 925 1409 493 1409 925 1410 762 1410 493 1410 924 1411 493 1411 763 1411 764 1412 765 1412 766 1412 764 1413 766 1413 917 1413 507 1414 917 1414 767 1414 507 1415 764 1415 917 1415 769 1416 767 1416 768 1416 769 1414 507 1414 767 1414 506 1417 768 1417 770 1417 506 1418 769 1418 768 1418 505 1419 770 1419 910 1419 505 1420 506 1420 770 1420 771 1421 910 1421 909 1421 771 1422 505 1422 910 1422 502 1423 771 1423 909 1423 503 1424 909 1424 937 1424 503 1425 502 1425 909 1425 501 1426 937 1426 772 1426 501 1426 503 1426 937 1426 500 1427 772 1427 773 1427 500 1428 501 1428 772 1428 774 1429 773 1429 776 1429 774 1430 500 1430 773 1430 496 1431 776 1431 775 1431 496 1432 774 1432 776 1432 497 1433 775 1433 777 1433 497 1434 496 1434 775 1434 779 1435 777 1435 778 1435 779 1436 497 1436 777 1436 779 1437 778 1437 963 1437 780 1438 516 1438 515 1438 899 1439 780 1439 515 1439 782 1440 899 1440 513 1440 899 1441 515 1441 513 1441 782 1442 513 1442 512 1442 781 1443 782 1443 511 1443 782 1444 512 1444 511 1444 966 1445 781 1445 783 1445 781 1446 511 1446 783 1446 964 1447 966 1447 784 1447 966 1448 783 1448 784 1448 963 1449 964 1449 509 1449 964 1450 784 1450 509 1450 963 1451 509 1451 779 1451 463 1452 785 1452 620 1452 463 1453 808 1453 785 1453 609 1454 524 1454 241 1454 788 1455 620 1455 787 1455 788 1456 463 1456 620 1456 521 1457 609 1457 786 1457 521 1458 524 1458 609 1458 466 1459 787 1459 790 1459 466 1460 788 1460 787 1460 522 1461 786 1461 789 1461 522 1462 521 1462 786 1462 469 1463 790 1463 621 1463 469 1464 466 1464 790 1464 791 1465 469 1465 621 1465 523 1466 789 1466 794 1466 523 1467 522 1467 789 1467 793 1468 469 1468 791 1468 792 1469 793 1469 791 1469 519 1470 794 1470 610 1470 458 1471 793 1471 792 1471 519 1472 523 1472 794 1472 622 1473 458 1473 792 1473 796 1474 519 1474 610 1474 460 1475 622 1475 798 1475 460 1476 458 1476 622 1476 795 1477 796 1477 797 1477 795 1478 519 1478 796 1478 714 1479 798 1479 843 1479 714 1480 460 1480 798 1480 984 1481 797 1481 611 1481 984 1482 892 1482 795 1482 984 1483 795 1483 797 1483 983 1484 611 1484 612 1484 983 1485 984 1485 611 1485 799 1486 612 1486 800 1486 799 1487 983 1487 612 1487 982 1488 799 1488 800 1488 982 1489 800 1489 802 1489 801 1490 982 1490 802 1490 801 1491 802 1491 803 1491 804 1492 801 1492 803 1492 804 1493 803 1493 614 1493 914 1494 614 1494 613 1494 914 1495 613 1495 615 1495 914 1496 804 1496 614 1496 939 1497 914 1497 615 1497 806 1498 615 1498 805 1498 806 1499 805 1499 616 1499 806 1500 939 1500 615 1500 728 1501 939 1501 806 1501 451 1502 616 1502 618 1502 451 1503 806 1503 616 1503 807 1504 618 1504 809 1504 807 1505 451 1505 618 1505 808 1506 809 1506 785 1506 808 1507 807 1507 809 1507 956 1508 810 1508 811 1508 952 1509 956 1509 811 1509 812 1510 952 1510 574 1510 952 1511 811 1511 574 1511 813 1512 812 1512 576 1512 812 1513 574 1513 576 1513 813 1514 576 1514 568 1514 943 1515 813 1515 568 1515 941 1516 943 1516 814 1516 943 1517 568 1517 814 1517 815 1518 941 1518 572 1518 941 1519 814 1519 572 1519 815 1520 572 1520 205 1520 581 1521 582 1521 974 1521 581 1522 974 1522 986 1522 816 1523 986 1523 817 1523 816 1524 581 1524 986 1524 818 1525 817 1525 901 1525 818 1526 816 1526 817 1526 580 1527 901 1527 904 1527 580 1527 818 1527 901 1527 821 1528 904 1528 819 1528 821 1529 819 1529 822 1529 821 1530 580 1530 904 1530 578 1531 822 1531 820 1531 578 1529 821 1529 822 1529 590 1531 578 1531 820 1531 888 1532 823 1532 824 1532 823 1533 191 1533 824 1533 976 1534 888 1534 592 1534 888 1535 824 1535 592 1535 976 1536 592 1536 591 1536 826 1537 976 1537 825 1537 976 1538 591 1538 825 1538 981 1539 826 1539 827 1539 826 1540 825 1540 827 1540 893 1541 981 1541 588 1541 981 1542 827 1542 588 1542 820 1543 893 1543 828 1543 893 1544 588 1544 828 1544 820 1545 828 1545 590 1545 829 1546 648 1546 191 1546 829 1547 191 1547 635 1547 191 1548 823 1548 936 1548 635 1549 191 1549 936 1549 607 1550 635 1550 923 1550 635 1551 936 1551 923 1551 607 1552 923 1552 906 1552 830 1553 603 1553 619 1553 834 1554 830 1554 619 1554 835 1555 834 1555 619 1555 833 1556 593 1556 834 1556 833 1557 831 1557 593 1557 832 1558 833 1558 834 1558 832 1559 834 1559 835 1559 919 1560 835 1560 617 1560 919 1560 832 1560 835 1560 184 1561 617 1561 183 1561 184 1562 919 1562 617 1562 598 122 600 122 831 122 593 1563 831 1563 600 1563 596 122 598 122 831 122 920 1564 595 1564 596 1564 920 122 596 122 831 122 601 1565 595 1565 920 1565 601 1566 920 1566 836 1566 838 1567 601 1567 836 1567 839 1568 838 1568 836 1568 837 1569 297 1569 838 1569 837 1570 605 1570 297 1570 840 1571 837 1571 838 1571 840 1572 838 1572 839 1572 649 1573 839 1573 842 1573 649 1574 840 1574 839 1574 606 1575 842 1575 841 1575 606 1576 649 1576 842 1576 712 1577 714 1577 922 1577 922 1578 714 1578 608 1578 714 1579 843 1579 608 1579 844 1580 922 1580 604 1580 922 1581 608 1581 604 1581 841 1582 844 1582 606 1582 844 1583 604 1583 606 1583 653 1584 651 1584 897 1584 651 1585 977 1585 897 1585 180 1586 847 1586 654 1586 845 1587 180 1587 654 1587 846 1588 654 1588 847 1588 846 1589 847 1589 848 1589 849 1590 846 1590 848 1590 849 1591 848 1591 913 1591 657 1592 849 1592 913 1592 657 1593 913 1593 905 1593 659 1594 657 1594 905 1594 659 1595 905 1595 850 1595 851 1596 659 1596 850 1596 851 1597 850 1597 651 1597 850 1598 977 1598 651 1598 852 1599 176 1599 902 1599 853 1600 852 1600 916 1600 852 1601 902 1601 916 1601 854 1602 853 1602 855 1602 853 1603 916 1603 855 1603 664 1604 854 1604 938 1604 854 1605 855 1605 938 1605 856 1606 664 1606 942 1606 664 1607 938 1607 942 1607 858 1608 856 1608 857 1608 856 1609 942 1609 857 1609 858 1610 857 1610 979 1610 859 1611 860 1611 678 1611 678 1612 860 1612 676 1612 861 1613 676 1613 673 1613 670 1614 673 1614 863 1614 669 1615 862 1615 865 1615 862 1616 863 1616 865 1616 864 1617 865 1617 866 1617 687 1618 688 1618 685 1618 685 1619 688 1619 867 1619 683 1620 868 1620 867 1620 870 1621 683 1621 869 1621 683 1622 867 1622 869 1622 871 1623 869 1623 682 1623 871 1624 682 1624 872 1624 681 1625 873 1625 162 1625 873 1626 682 1626 162 1626 693 1627 161 1627 694 1627 694 1628 161 1628 691 1628 694 1629 691 1629 874 1629 692 1630 691 1630 875 1630 877 1631 875 1631 876 1631 878 1632 879 1632 970 1632 879 1633 876 1633 970 1633 880 1634 878 1634 970 1634 264 1635 880 1635 970 1635 705 1636 882 1636 706 1636 883 1637 706 1637 702 1637 702 1638 706 1638 967 1638 702 1639 967 1639 703 1639 703 1640 967 1640 700 1640 700 1641 967 1641 701 1641 884 1642 701 1642 885 1642 886 1643 885 1643 887 1643 976 12 921 12 888 12 211 12 780 12 977 12 889 12 211 12 977 12 979 12 978 12 713 12 673 1644 981 1644 893 1644 890 12 891 12 850 12 892 12 985 12 175 12 894 12 892 12 175 12 895 1645 163 1645 898 1645 682 1646 869 1646 896 1646 780 12 899 12 897 12 869 1647 975 1647 896 1647 977 12 780 12 897 12 982 12 801 12 902 12 177 12 982 12 902 12 986 1648 865 1648 817 1648 898 1649 163 1649 709 1649 163 1650 162 1650 709 1650 673 1651 893 1651 820 1651 890 12 850 12 905 12 682 1652 896 1652 900 1652 923 12 922 12 906 12 817 1653 865 1653 901 1653 709 1654 162 1654 903 1654 673 1655 820 1655 822 1655 863 1656 673 1656 822 1656 682 1657 900 1657 718 1657 890 12 905 12 206 12 901 1658 865 1658 904 1658 902 12 801 12 804 12 865 1659 863 1659 904 1659 903 1660 162 1660 716 1660 162 1661 682 1661 716 1661 682 1662 718 1662 719 1662 716 1663 682 1663 719 1663 902 12 804 12 916 12 863 1664 822 1664 819 1664 904 1665 863 1665 819 1665 206 12 905 12 913 12 906 12 922 12 844 12 910 1666 770 1666 152 1666 770 1667 154 1667 152 1667 770 1668 768 1668 154 1668 907 1669 912 1669 255 1669 907 1670 255 1670 258 1670 908 1671 907 1671 258 1671 909 1672 910 1672 152 1672 841 12 842 12 839 12 767 1673 917 1673 154 1673 768 1674 767 1674 154 1674 912 1675 748 1675 161 1675 832 12 919 12 833 12 913 12 848 12 911 12 255 1676 912 1676 161 1676 206 12 913 12 911 12 855 12 916 12 914 12 915 1677 908 1677 258 1677 933 1678 915 1678 258 1678 841 12 839 12 836 12 916 12 804 12 914 12 906 12 844 12 920 12 841 12 836 12 920 12 844 12 841 12 920 12 919 12 184 12 831 12 181 12 906 12 831 12 918 12 181 12 831 12 917 1679 766 1679 882 1679 184 12 918 12 831 12 833 12 919 12 831 12 906 12 920 12 831 12 979 12 713 12 927 12 782 12 967 12 927 12 154 1680 917 1680 882 1680 888 12 921 12 927 12 937 1681 909 1681 248 1681 175 20 174 20 927 20 922 12 923 12 927 12 925 12 924 12 927 12 909 1682 152 1682 248 1682 949 12 925 12 927 12 233 12 235 12 927 12 926 12 233 12 927 12 928 12 926 12 927 12 230 12 928 12 927 12 929 12 230 12 927 12 933 1683 258 1683 260 1683 931 12 929 12 927 12 930 12 931 12 927 12 222 12 930 12 927 12 924 12 222 12 927 12 932 12 897 12 927 12 940 1684 933 1684 260 1684 934 12 932 12 927 12 752 12 753 12 927 12 235 12 752 12 927 12 179 12 934 12 927 12 921 12 179 12 927 12 753 12 970 12 927 12 741 12 894 12 927 12 911 12 848 12 204 12 894 12 175 12 927 12 748 1685 935 1685 161 1685 936 12 823 12 927 12 967 12 949 12 927 12 848 12 847 12 204 12 923 12 936 12 927 12 823 12 888 12 927 12 897 12 899 12 927 12 713 12 712 12 927 12 766 1686 765 1686 882 1686 712 12 922 12 927 12 970 12 741 12 927 12 899 12 782 12 927 12 938 12 855 12 939 12 855 12 914 12 939 12 204 12 847 12 815 12 772 1687 937 1687 248 1687 942 12 938 12 728 12 938 12 939 12 728 12 756 1688 940 1688 260 1688 815 12 847 12 941 12 847 12 180 12 941 12 935 1689 747 1689 161 1689 942 12 728 12 729 12 941 12 180 12 943 12 765 1690 945 1690 882 1690 857 12 942 12 732 12 773 1691 772 1691 150 1691 772 1692 248 1692 150 1692 942 12 729 12 732 12 747 1693 745 1693 691 1693 161 1694 747 1694 691 1694 943 12 180 12 813 12 944 1695 756 1695 158 1695 756 1696 260 1696 158 1696 857 12 732 12 731 12 945 1697 951 1697 706 1697 882 1698 945 1698 706 1698 947 1699 944 1699 158 1699 947 1700 158 1700 157 1700 773 1701 150 1701 252 1701 773 1702 252 1702 776 1702 691 1703 745 1703 946 1703 755 1704 947 1704 157 1704 753 1705 755 1705 157 1705 948 12 949 12 967 12 953 1706 950 1706 166 1706 951 12 948 12 967 12 706 1707 951 1707 967 1707 952 1708 812 1708 280 1708 753 1709 157 1709 970 1709 950 1710 954 1710 166 1710 953 1711 166 1711 957 1711 956 1712 952 1712 171 1712 952 1713 280 1713 171 1713 857 12 731 12 957 12 731 12 953 12 957 12 776 1714 252 1714 775 1714 954 1715 958 1715 688 1715 166 1716 954 1716 688 1716 691 1717 946 1717 959 1717 280 1718 812 1718 860 1718 813 12 180 12 860 12 812 12 813 12 860 12 955 1719 956 1719 171 1719 979 12 857 12 957 12 252 1720 885 1720 777 1720 775 1721 252 1721 777 1721 958 1722 961 1722 688 1722 875 1723 691 1723 962 1723 691 1724 959 1724 962 1724 180 12 921 12 860 12 955 1725 171 1725 170 1725 777 1726 885 1726 778 1726 187 1727 955 1727 170 1727 961 1728 725 1728 688 1728 875 1729 962 1729 960 1729 778 1730 885 1730 963 1730 965 1731 187 1731 170 1731 876 1732 875 1732 743 1732 875 1733 960 1733 743 1733 688 1734 725 1734 724 1734 963 1735 885 1735 964 1735 688 1736 724 1736 867 1736 876 1737 743 1737 736 1737 885 1738 701 1738 966 1738 965 1739 170 1739 189 1739 964 1740 885 1740 966 1740 970 1741 876 1741 738 1741 876 1742 736 1742 738 1742 966 1743 701 1743 781 1743 970 12 738 12 969 12 781 1744 701 1744 782 1744 701 1745 967 1745 782 1745 867 1746 724 1746 968 1746 189 1747 170 1747 971 1747 170 1748 286 1748 971 1748 970 12 969 12 741 12 867 1749 968 1749 973 1749 971 1750 286 1750 972 1750 869 1751 867 1751 722 1751 867 1752 973 1752 722 1752 286 1753 866 1753 974 1753 972 1754 286 1754 974 1754 869 1755 722 1755 975 1755 983 12 799 12 985 12 860 12 921 12 976 12 826 1756 676 1756 976 1756 676 1757 860 1757 976 1757 850 12 980 12 977 12 980 12 889 12 977 12 274 1758 710 1758 978 1758 957 1759 274 1759 978 1759 979 12 957 12 978 12 891 12 980 12 850 12 676 1760 826 1760 981 1760 985 12 799 12 177 12 673 1761 676 1761 981 1761 799 12 982 12 177 12 710 1762 274 1762 895 1762 274 1763 163 1763 895 1763 984 12 983 12 985 12 892 12 984 12 985 12 974 1764 866 1764 986 1764 866 1765 865 1765 986 1765 989 1766 987 1766 988 1766</p>
        </triangles>
      </mesh>
    </geometry>
  </library_geometries>
  <library_visual_scenes>
    <visual_scene id="Scene" name="Scene">
      <node id="node-shape0-name" name="node-shape0-name" type="NODE">
        <matrix sid="transform">1 0 0 0 0 1 0 0 0 0 1 0 0 0 0 1</matrix>
        <instance_geometry url="#shape0_001-mesh" name="node-shape0-name">
          <bind_material>
            <technique_common>
              <instance_material symbol="SWMaterial-2_001-material" target="#SWMaterial-2_001-material"/>
              <instance_material symbol="SWMaterial-0_001-material" target="#SWMaterial-0_001-material"/>
              <instance_material symbol="SWMaterial-1_001-material" target="#SWMaterial-1_001-material"/>
            </technique_common>
          </bind_material>
        </instance_geometry>
      </node>
    </visual_scene>
  </library_visual_scenes>
  <scene>
    <instance_visual_scene url="#Scene"/>
  </scene>
</COLLADA>